country,director,genre,imdb_rating,title,year
Россия,Никита Михалков,документальный фильм,,55,2007
Россия,Александр Андреев,трагикомедия,4.7,5 недель,2021
"Германия
Украина
Россия",Ахим фон Боррис,"военная
драма
боевик",6.4,4 дня в мае,2011
США,Симон Бранд,триллер,6.4,5 неизвестных...,2006
Великобритания,Питер Гринуэй,"документальный
музыкальный",7.4,4 американских композитора,1983
Великобритания,Ноэль Кларк,триллер,5.8,4.3.2.1,2010
США,Абель Феррара,"драма
фантастика",4.6,4:44. Последний день на Земле,2011
США,Спайк Ли,Исторический документальный,7.8,4 маленькие девочки,1997
Румыния,Кристиан Мунджиу,"психологическая
драма",7.9,"4 месяца, 3 недели и 2 дня",2007
СССР,Радомир Василевский,комедия,6.9,4:0 в пользу Танечки,1982
Украина,"Иван Гаврилюк
Сайдо Курбанов",детектив,5.1,4 листа фанеры,1992
США,Гэбриэль Коуэн,драма,4.6,3 ночи в пустыне,2014
СССР,Генрих Габай,"драма
приключения",7.9,49 дней,1962
США,Гари Леннон,драма,5.5,45-й калибр,2006
США,Питер Сигал,романтическая комедия,6.8,50 первых поцелуев,2004
Новая Зеландия,Стюарт Мейн,драма,5.8,50 оттенков голубого,2005
Великобритания,Эндрю Хэйг,драма,7.1,45 лет,2015
СССР,Елена Николаева,Драма,7.1,Абориген,1988
США,Ив Симоно.,"боевик
драма
криминал.",6.3,44 минуты: Бойня в северном Голливуде,2003
США,Джейсон Коннери,"фантастика
фильм ужасов",3.5,51,2011
"США
Япония",Карл Ринш,"фэнтези
боевик
драма",6.2,47 ронинов,2013
США,Тео Эвгерино,Драма,4.9,50 таблеток,2006
"США
Грузия",Ренни Харлин,"военный
боевик",5.6,5 дней в августе,2011
"Франция
Нью-Йорк
(съёмки)
Германия
(съёмки)
Сибирь
(съёмки)",Жорж Мельес,фантастика,5.5,Автопробег «Париж — Нью-Йорк»,1908
Индия,Раджкумар Хирани,"комедия
драма",8.4,3 идиота,2009
США,Дж. Стюарт Блэктон,драма,7.7,Автомобильные воры,1906
"США
Мексика",Ричард Флейшер,"ужасы
триллер",4.2,Амитивилль 3-D,1983
"Испания
Мексика",Мануэль Мартин Куенка,"драма
комедия",6.5,Автор,2017
"США
/
Мексика",Дамиано Дамиани,"ужасы
триллер",5.6,Амитивилль 2: Одержимость,1982
США,Стивен Спилберг,"историческая
драма",7.3,Амистад,1997
Франция,"Мишель Карре
Альбер Капеллани",трагедия,,Аталия,1910
Австралия,Тим Бёрсталл,боевик,5.4,Атакующая группа «Зет»,1982
Россия,Александр Згуриди,драма,5.7,Балерина,1993
Франция,Жан Виго,мелодрама,7.7,Аталанта,1934
"Франция
Германия
Румыния",Коста-Гаврас,Драма,7.2,Аминь,2002
США,Уинчел Смит,комедия,6.1,Балда,1920
США,Ричард Флейшер,"боевик
приключенческий фильм
драма
триллер",5.4,Ашанти,1979
США,Ричард Доннер,"приключенческий фильм
комедия",7.7,Балбесы,1985
Австро-Венгрия,Альфред Деэши,"драматический фильм
и
немое кино",8.6,Бал-маскарад,1917
СССР,Андрей Бенкендорф,трагикомедия,6.5,Балаган,1990
СССР,"Михаил Калик
Борис Рыцарев
Ольга Улицкая","драма
киноповесть",6.1,Атаман Кодр,1958
Индия,Сатьяджит Рай,документальный фильм,7.5,Бала,1976
Турция,Али Озгентюрк,драма,6.3,Балалайка,2000
США,Райнхольд Шюнцель,"мюзикл
мелодрама",6.2,Балалайка,1939
Великобритания,Дэвид Швиммер,комедия,6.5,"Беги, толстяк, беги",2007
США,Джозеф Гузман,триллер,4.1,"Беги, сука, беги",2009
Германия,Том Тыквер,триллер,7.7,"Беги, Лола, беги",1998
Германия,Дитрих Брюггеманн,драма,7.2,"Беги, если сможешь!",2010
"Чехословакия
Италия",Милош Форман,"комедия
драма",7.4,Бал пожарных,1967
США,Джофф Барроус,"триллер
драма
боевик",6.2,Беги,1991
"США
Германия",Уэйн Крэймер,"боевик
драма
криминальный фильм",7.3,Беги без оглядки,2006
США,Джонатан Левайн,драма,6.9,Безумие,2008
"Великобритания
Ирландия",Дэвид Маккензи,"драма

мелодрама

триллер",6.1,Безумие,2005
"Великобритания
США","Эжен Лурье
Дуглас Хикокс","научная фантастика
триллер
ужасы",5.7,"Бегемот, морской монстр",1959
"Франция
Бельгия
Великобритания",Себастьен Лифшиц,драма,6.4,Безумие,2004
СССР,Давид Кочарян,"детский фильм
приключенческий фильм",,Белый флюгер,1969
Великобритания,Фредди Фрэнсис,"комедия
фильм ужасов",5.0,Безумие,1974
"США
Индия",Рамин Бахрани,драматический фильм,7.1,Белый тигр,13 января   2021
Россия,Карен Шахназаров,"военная
фантастика",6.1,«Белый тигр»,2012
Франция,Абель Ганс,"авангард
фантастика",5.5,Безумие доктора Тюба,1915
СССР,Юрий Вышинский,драмафильм-биография,7.0,Белый снег России,1980
Россия,Алиса Хазанова,"драма
детектив
психологический триллер",6.1,Белый список,2023
США,Пол Красни,приключенческий фильм,6.4,Белый ужас,1994
Гонконг,Чань Чхюнь,боевик,5.0,Бесстрашная гиена 2,1983
Канада,Дэвид Кроненберг,фильм ужасов,6.3,Бешенство,1977
США,Артур Хиллер,комедия,6.2,Бешеные деньги,1987
США,Сэвидж Стив Холланд,комедия,3.6,Блондинки в законе,2009
"США
Гонконг",Роберт Клауз,"боевик
комедия",5.7,Большая драка,1980
"СССР
Чехословакия",Юрий Озеров,комедия,7.0,Большая дорога,1962
Россия,Дмитрий Дьяченко,триллер,6.2,Бешенство,2023
"Италия
Великобритания",Стефано Мордини,исторический фильм,5.8,Большая гонка. Лянча против Ауди,2024
"Италия
Франция
Германия
Югославия",Джилло Понтекорво,драма,6.9,Большая голубая дорога,1957
США,Скотт Маршалл,"комедия
драма",3.9,Блондинка с амбициями,2007
США,Джин Сэкс,комедия,7.0,Босиком по парку,1967
"Исландия
Дания",Петер Флинт,"Драма
Приключения",6.5,Борьба со льдом,2022
СССР,Евгений Матвеев,комедия,7.0,Бешеные деньги,1981
Германия,Тиль Швайгер,"драма
мелодрама
комедия",7.1,Босиком по мостовой,2005
Австро-Венгрия,Альфред Деэши,драма,6.1,Борьба за существование,1918
Бразилия,Маркус Балдини,драма,6.2,Бруна Сурфистинья,2011
США,Джонатан Линн,"комедия
драма
музыкальный фильм",5.6,Борьба с искушениями,2003
"США
Великобритания",Стивен Мерчант,"драма
комедия
биография
спорт",7.1,Борьба с моей семьёй,2019
"Ирландия
Канада
Великобритания",Джон Кроули,мелодрама,7.5,Бруклин,2015
США,Эндрю Флеминг,"драматический фильм
и
романтическая комедия",6.5,Босиком по городу,2 февраля   2014
США,Стивен Заиллян,драма,7.4,В поисках Бобби Фишера,1993
США,Джули Теймор,"фэнтезийная
комедийная драма",5.3,Буря,2010
СССР,"Амасий Мартиросян
Юрий Ерзинкян",кинокомедия,3.8,В поисках адресата,1955
США,Кевин Смит,"комедийная
мелодрама",7.2,В погоне за Эми,1997
США,Джули Дэвис,романтическая комедия,5.2,В поисках блаженства,2009
ЮАР,Кагисо Ледига,драматический фильм,5.7,В погоне за чувствами,9 марта   2018
США,Габриеле Муччино,драма,8.0,В погоне за счастьем,2006
"США
Великобритания",Ларри Чарльз,комедия,5.9,Брӱно,2009
СССР,Мери Анджапаридзе,драма,,В пути,
США,Чарльз Т. Кэнгэнис,"драма
приключенческий фильм
комедия",5.4,В погоне за солнцем,1996
СССР,Баадур Цуладзе,комедия,6.3,Вальс на Мтацминде,1975
Грузия,Лана Гогоберидзе,драма,6.8,Вальс на Печоре,1992
США,Сэм Мендес,"драма
комедия",7.0,В пути,2009
нацистская Германия,Файт Харлан,драматический фильм,6.9,Великий король,1942
Италия,Сальваторе Майра,драма,7.0,Вальс,2007
США,Чарли Чаплин,"политическая сатира
трагикомедия",8.4,Великий диктатор,"15 октября   1940 ,  19 ноября   1945 ,  26 августа   1958  и  22 октября   1960"
Великобритания,Майкл Ривз,"фильм ужасов
исторический фильм",6.7,Великий инквизитор,1968
США,Роберт З. Леонард,"биографический фильм
музыкальный фильм
и
драматический фильм",6.6,Великий Зигфелд,1936  и  16 октября   1936
США,Престон Стёрджес,комедия,7.3,Великий Макгинти,1940
"Великобритания
США",Роберт Марковиц,драма,5.7,Великий Гэтсби,
"США
Австралия",Баз Лурман,"драма
мелодрама",7.2,Великий Гэтсби,2013
США,Джек Клэйтон,мелодрама,6.4,Великий Гэтсби,1974
СССР,Михаил Кауфман,документальный фильм,7.6,Весной,1929
Франция,Робер Гедигян,драма,6.5,Вилла,2017
"Германия
Австрия
Болгария",Валеска Гризебах,артхаус,7.0,Вестерн,2017
Канада,Стивен Уильямс,детективный фильм,5.2,Весна убийств,2002
Польша,Тадеуш Хмелевский,комедия,6.2,"Весна, пан сержант!",1974
"Республика Корея
Германия",Ким Ки Дук,притча,8.0,"Весна, лето, осень, зима… и снова весна",2003
США,Майк Фиггис,"драматический фильм
и
криминальный фильм",6.5,Внутреннее расследование,1990  и  26 апреля   1990
США,Роберт Маллиган,драма,6.1,Внутренний мир Дэйзи Кловер,1965
СССР,Игорь Вознесенский,детективный фильм,6.0,Внимание! Всем постам…,1985
Гонконг,Ло Чилёна,история с привидениями,6.2,Внутренние чувства,28-03-2002
США,Джо Данте,"комедия
фантастика",6.8,Внутреннее пространство,1987
СССР,Георгий Юнгвальд-Хилькевич,приключенческий фильм,4.9,"Внимание, цунами!",1969
СССР,Ролан Быков,комедия,7.3,"Внимание, черепаха!",1970
США,Кен Видерхорн,"фильм ужасов
комедия",5.7,Возвращение живых мертвецов 2,1988
Великобритания,Майкл Уинтерботтом,драма,6.3,Воздушный поцелуй,1995
Израиль,Нир Бергман,драма,7.1,Внутренняя грамматика,2010
Германия,Михаэль Хербиг,"драма
исторический фильм
триллер
приключения",7.5,Воздушный шар,2018
СССР,Абай Карпыков,драма,6.4,Воздушный поцелуй,1991
СССР,Давид Рондели,"киноповесть
молодёжный",8.4,Воздушный мост,1974
"Франция
США
Великобритания",Жауме Кольет-Серра,"детективный
триллер",6.9,Воздушный маршал,2014
СССР,Герберт Раппапорт,"кинокомедия
музыкальный фильм",6.9,Воздушный извозчик,1943
СССР,"Валентин Кадочников
Фёдор Филиппов",сказка,6.6,Волшебное зерно,1941
США,Фред Циннеманн,"драматический фильм
и
военный фильм",6.7,Вот конь бледный,1964  и  14 октября   1964
США,Джошуа Леонард,драматический фильм,5.4,Вот моё сердце,2018
США,Ларри Коэн,"комедийный
фильм ужасов",4.8,Восход полной луны,1981
Финляндия,Аку Лоухимиес,"драма
криминал",6.3,Восьмой шар,2013
СССР,Александр Игишев,детский фильм,6.3,Вот и лето прошло…,1972
США,Рик Кинг,триллер,5.3,Время убивать,1987
Финляндия,Тапио Суоминен,драма,6.8,"Вот и мы, жизнь!",1980
США,Брайан Брайтил,"триллер
драма",4.2,Все люди лгут,2013
США,Дэвид Мэмет,"комедия
криминальный фильм
драма",7.0,Всё меняется,1988
США,Кен Куопис,"драма
семейный",6.5,Все любят китов,2012
"Франция
Португалия
Бельгия",Селин Дево,"драматический фильм
и
комедийный фильм",6.4,Все любят Жанну,21 мая   2022  и  7 сентября   2022
США,Джереми Томас,"триллер
драма
приключения",6.7,Все маленькие животные,1998
Дания,Сюзанна Бир,"триллер
драма",6.8,Второй шанс,2014
США,Джон Франкенхаймер,"научно-фантастический фильм
экранизация литературного произведения
драматический фильм
иартхаусный научно-фантастический фильм",7.6,Вторые,1966  и  2 октября   1966
США,Дэн Фогельман,драма,7.0,Второй шанс,2014
США,Фил Джоану,драма,7.1,Второй шанс,2006
"Германия
СССР",Валентина Руденко,документальный,8.6,"Гагарин, я вас любила",1991
США,Пол Стенли,фантастика,7.2,Второй шанс,1964
США,Рудольф Мате,Фильм нуар,5.9,Второй шанс,1953
США,"Клайд Брукман
Бастер Китон","военная
комедия",8.1,Генерал,1926
Италия,Лучано Сальче,"эксцентрическая
комедия
положений",7.7,Второй трагический Фантоцци,1976
СССР,Вячеслав Бровкин,телеспектакль,,Гендель и гангстеры,1967
Россия,Роман Качанов,комедийный фильм,5.8,Гена Бетон,2013
Россия,Игорь Николаев,"драма
военный фильм",5.9,Генерал,1992
США,Эмилио Инсолера,"супергеройский фильм
и
боевик",7.4,Ген жестов: Первые глухие супергерои,14 сентября   2017
"США
Канада",Питер Сватек,фильм ужасов,4.3,Гемоглобин,1997
США,Брайан де Пальма,"триллер
детектив
криминал",6.1,Глаза змеи,1998
"Великобритания
США",Тони Скотт,эротический триллер,6.6,Голод,1983
"США
Гонконг",Питер Берг,"фильм-катастрофабоевик
триллер
драма",7.1,Глубоководный горизонт,2016
США,Джон Хайамс,боевик,4.4,Глаза дракона,2012
"Франция
Италия",Жорж Франжю,"фильм ужасов
и
драматический фильм",7.6,Глаза без лица,1960
"Великобритания
Ирландия",Стив Маккуин,"драма
исторический",7.5,Голод,2008
,,Фильм ужасов,6.0,Глаза звезды,2014
"США
Великобритания",Брэд Фурман,"триллер
драма
криминал
детектив
биография",6.5,Город лжи,2018
"Турция
США",Джейда Торун,документальный,7.6,Город кошек,2016
США,Питер Челсом,комедия,4.5,Город и деревня,2001
США,Роулэнд   Ли,"драматический фильм
и
экранизация романа",7.4,Граф Монте-Кристо,1934
"Италия
Испания
Мексика",Умберто Ленци,фильм ужасов,5.6,Город зомби,1980  и  19 декабря   1980
"Великобритания
Италия",Дэвид Грин,"приключенческие фильмы
драма",6.9,Граф Монте-Кристо,1975
"Франция
Италия",Робер Верне,"экранизация
приключенческий фильм
драма
мелодрама",7.1,Граф Монте-Кристо,1954 (Франция и Италия)
США,Том Льюис,фильм ужасов,2.4,Город зла,2005
"Франция
Италия
Германия",Жозе Дайан,"телесериал-экранизация романа
приключенческий телесериал
исторический телесериал
и
телесериал о любви",7.8,Граф Монте-Кристо,1998
Италия,Роберто Андо,"комедия
драма",6.9,Да здравствует свобода,2013
СССР,Карен Шахназаров,"трагифарс
фантастика
фантасмагория
мистика
триллер",7.4,Город Зеро,1988
Мексика,Роберто Гавальдон,Драма,6.8,Граф Монте-Кристо,29 апреля   1942
США,Дрю Пирс,"комедийный фильм
драматический фильм
ифильм-триллер",7.2,Да здравствует король,2014
США,"Джоэл Коэн
Итан Коэн",комедия,6.3,Да здравствует Цезарь!,2016
СССР,"Сергей Михайлович Эйзенштейн
Григорий Васильевич Александров",драматический фильм,,Да здравствует Мексика!,1932
"Италия
Франция",Роберто Росселлини,"драма
исторический",6.3,Да здравствует Италия!,1961
США,Джордж Сидни,"музыкальный фильм
мелодрама",6.3,Да здравствует Лас-Вегас!,1964
Франция,Жан-Пьер Мельвиль,Короткометражный документальный фильм,6.2,Двадцать четыре часа из жизни клоуна,1947
"США
Великобритания",Дон Бойд,драма,5.2,Двадцать один год,1991
Великобритания,Бейзил Дин,драма,6.1,Двадцать один день,1940
США,Роберт Лукетич,Драма,6.8,Двадцать одно,2008
СССР,Юрий Сергеев,фильм-спектакль,,Двадцать лет спустя,22 мая   1971
СССР,Аида Манасарова,"исторический фильм
драма",4.8,Двадцать лет спустя,1965
США,"Чарли Чаплин
Джозеф Мэддерн",комедия,5.6,Двадцать минут любви,1914
"Чехословакия
(
Протекторат Богемии и Моравии
)",Отакар Вавра,"кинокомедия
мелодрама",7.2,Девушка в голубом,1940
Ирландия,Джереми Каган,мелодрама,6.6,Девушка Бобби,
"Франция
ФРГ",Ральф Хабиб,"криминальная
кинокомедия",4.7,Дело Набоба,1960
Германия,Марко Кройцпайнтнер,драма,7.3,Дело Коллини,2019
Великобритания,Майкл Трумэн,"детектив
мистика
криминал
драма",6.4,Девушка в газетных заголовках,1963
США,"Артур Дж. Бекхард
Джозеф Ли",Фильм нуар,5.1,Девушка в бегах,1953
СССР,Агаси Бабаян,"исторический фильм
приключенческий фильм",7.5,Дерсу Узала,1961
"Австрия
Люксембург",Кристиан Фрош,"историческая драма
юридическая драма",7.0,Дело Мурера: Хроники одного судебного процесса,2018
СССР,Ион Мижа,музыкальный фильм,,Днестровские мелодии,
Италия,Франческо Рози,драмафильм-биография,7.6,Дело Маттеи,1972
США,Золтан Корда,драма,6.6,Дело Макомбера,1947
СССР,Георгий Юнгвальд-Хилькевич,военно-приключенческий фильм,5.3,Дерзость,1971
США,Квентин Тарантино,криминальная драма,7.5,Джеки Браун,1997
Гонконг,Ли Жунчжан,"боевик
комедия",6.0,Дерзкий нахал,1980
США,Ирвинг Рейс,"Детектив
Комедия",6.5,Дерзкий Сокол,1941
СССР,Валерий Рубинчик,"Триллер
мистика
фильм ужасов
драма",6.8,Дикая охота короля Стаха,1979
США,Залман Кинг,"мелодрама
эротика",4.5,Дикая орхидея,1989
США,Блейк Эдвардс,драма,7.8,Дни вина и роз,1962
США,Залман Кинг,"мелодрама
эротика",3.9,Дикая орхидея 2: Два оттенка грусти,1991
СССР,Игорь Таланкин,"биографическая
драма",7.3,Дневные звёзды,1966
Белоруссия,Денис Скворцов,"Военная
драма",6.5,Днепровский рубеж,2009
СССР,Инесса Селезнёва,мелодрама,7.3,Дневной поезд,1976
США,Роб Коэн,"фильм-катастрофа
боевик
триллер",5.9,Дневной свет,1996
"США
Чили
Франция",Пабло Ларраин,"драма
биография",6.7,Джеки,2016
Италия,Микеле Массимо Тарантини,комедийный фильм,4.8,Докторша и полковник,"19 декабря   1980 ,  22 января   1981 ,  25 марта   1981  и  25 июня   1981"
Российская империя,Владимир Гардин,драма,,Дочь улицы,1916
"США
Германия",Роберт Олтмен,"комедия
мелодрама
драма",4.7,Доктор Ти и его женщины,2000
Италия,Нандо Сисеро,"итальянская эротическая комедия
комедийный фильм
и
эротический фильм",4.3,Докторша из военного госпиталя,"1976 ,  9 марта   1977 ,  3 июня   1977 ,  3 августа   1979  и  8 октября   1984"
США,Эрнест Шодсак,научно-фантастическийфильм ужасов,6.4,Доктор Циклоп,1940
США,Марк Робсон,драма,6.0,Долина кукол,1967
Республика Корея,Ким Сонсик,"мистика
триллер",6.0,Доктор Чхон и потерянный талисман,2023
США,Джеймс Круз,"драма
романтическая комедия",6.4,Долина гигантов,1919
США,Скотт Дерриксон,"боевик
технофэнтези
супергероика",7.5,Доктор Стрэндж,2016
Россия,Виктор Лакисов,сказка,,Домовёнок Кузя,2024
СССР,"Александр Хван
Марина Цурцумия",фантастика,6.5,Доминус,1990
США,Тони Скотт,"боевик
криминальный фильмфильм-биографиядрама
триллер",5.9,До́мино,2005
США,Дэвид Уорк Гриффит,боевик,5.6,Дочь хозяина таверны,1908
"Россия
Япония","Сергей Бодров (ст.)
Гульшад Омарова","комедия
криминал",4.9,Дочь якудзы,2010
СССР,Исидор Анненский,киноновелла,,Желаем успеха,1967 год
США,Сэм Рэйми,"боевик
приключения
научное фэнтези
с элементами
ужасов
супергероика",6.9,В мультивселенной безумия,2022
СССР,"Василий Левин
Николай Винграновский","военная
драма",5.1,Дочь Стратиона,1964
СССР,Сергей Сельянов,"мистика
драма",6.2,Духов день,1990
СССР,"Шакен Айманов
Карл Гаккель","социальная
драма",,Дочь степей,1954
"США
Франция
Великобритания",Джеймс Айвори,драма,6.8,Дочь солдата никогда не плачет,1998
США,Алан Холлеб,комедия,4.1,Дух студента,1985
Польша,"Станислава Пежановская
Мечислав Кравич",драма,6.9,Его большая любовь,1936
Испания,Виктор Эрисе,драма,7.8,Дух улья,1973
США,Билли Уайлдер,"драма
биография",7.1,Дух Сент-Луиса,1957
Польша,Михал Вашиньский,комедия,6.4,Его сиятельство шофёр,1935
США,Марк Каллен,"боевик
триллер
комедия",5.3,Его собачье дело,2017
США,Чарли Чаплин,комедия,6.1,Его новая работа,1915
США,Майк Марвин,"мистический
триллер",5.9,Дух мщения (Перехватчик),1986  и  11 июня   1987
США,Чарльз Чаплин,комедия,5.9,Его музыкальная карьера,1914
США,Чарльз Чаплин,комедия,5.9,Его новая профессия,1914
СССР,Сергей Соловьёв,драма,6.9,Егор Булычов и другие,1971
США,Джон Кент Харрисон (на англ. John Kent Harrison),"драма
пеплум",6.2,Елена Троянская,20 апреля   2003
СССР,Сурен Шахбазян,драма,7.0,Жду и надеюсь,1980
СССР,Отар Коберидзе,"военный фильм
драма",5.7,Ждите связного,1979
Республика Корея,Хон Сан Су,драма,6.7,"Женщина, которая убежала",2020
Польша,Рышард Ордыньский,"драма
мелодрама",,"Женщина, которая смеётся",1931
СССР,Иван Перестиани,драма,,Замаллу,1928
Великобритания,Стивен Вудкок,драма,6.3,Женское,2000
США,Тодд Солондз,"чёрная комедия
драма",6.4,Жизнь в военные времена,2009
США,Джонатан Ливайн,комедия-драма,7.6,Жизнь прекрасна,2011
"СССР
Италия",Григорий Чухрай,драма,6.5,Жизнь прекрасна,1980
Индия,Яш Чопра,"драматический фильм
романтический фильм
и
психологический триллер",7.6,Жизнь под страхом,1993
Россия,Эдуард Парри,"комедия
драма",6.6,«Жили-были»,2018
СССР,Михаил Григорьев,комедия,6.4,Жили три холостяка,1973
,Дину Негряну,"Политическая
драма
шпионский",7.3,Жизнь побеждает,1951
Мексика,Луис Бунюэль,драма,8.2,Забытые,1950
США,Йорг Иле,фильм ужасов,4.1,Забытые,2009
США,Роберта Мэндела,"боевик
драма
триллер",6.0,Замена,1996
США,Джеймс Кич,"боевик
военный
детектив",5.9,Забытые,26 апреля   1989
Франция,Саша Гитри,комедия,7.0,Жизнь порядочного человека,1953
США,Филлип Бэджер,"фильм ужасов
триллер",5.6,Забытые,1989
Аргентина,Лукресия Мартель,драматический фильм,6.7,Зама,2017
ГДР,Эгон Шлегель,детский фильм,6.6,Залп Ноева ковчега,1983
СССР,Юрий Вышинский,историко-революционный фильм,3.7,Залп «Авроры»,1965
"Франция
*
США",Оливье Мегатон,"боевик
триллер
криминал",6.0,Заложница 3,2014
Великобритания,Саймон Пирс,драма,6.2,Заточка,2009
США,Джон Фавро,"Приключения
Фантастика",6.2,Затура: Космическое приключение,2005
США,Дебора Кампмейер,"драма
музыкальный фильм",6.2,Затравленная,2007
Япония,Такэси Китано,"боевик
драма
пародия",7.5,Затойчи,"2 сентября   2003 ,  24 июня   2004 ,  6 сентября   2003 ,  4 июня   2004  и  2003"
США,Роджер Споттисвуд,драма,7.8,Затянувшаяся музыка,11 сентября   1993
США,Гай Манос,боевик,5.2,Затяжной прыжок,2000
США,Шон Андерс,комедия,6.2,"Здравствуй, папа, Новый год!",2015
СССР,Сергей Юткевич,музыкальная киноповесть,6.0,"Здравствуй, Москва!",1945
Италия,Марко Беллоккьо,драма,7.1,"Здравствуй, ночь",2003
,Durga Chew-Bose,драма,,"Здравствуй, грусть!",
"ФРГ
США",Ингмар Бергман,драма,6.6,Змеиное яйцо,1977
СССР,Юрий Волкогон,"комедия
боевик",5.1,Здравия желаю! или Бешеный дембель,1990
Индия,Нихил Адвани,мелодрама,5.2,"Здравствуй, любовь!",2007
США,Майкл Мур,документальный,8.0,Здравозахоронение,2007
США,Анатоль Литвак,драма,7.6,Змеиная яма,1948
СССР,Виталий Мельников,комедия,7.3,Здравствуй и прощай,1972
ФРГ,Харальд Райнль,фильм ужасов,5.9,Змеиная яма и маятник,1967
"США
Болгария",Дэвид Флорес,"ужасы
фантастика",2.8,Змеиная битва,2004
Россия,Сергей Гинзбург,драма,6.8,Зорге,2017
СССР,Вадим Дербенёв,криминальная драма,6.0,Змеелов,1985
"Россия
Германия
Франция",Иван Твердовский,комедийная драма,6.4,Зоология,2016
США,Робинсон Девор,документальный,5.5,Зоопарк (Зоо),2007
США,Филлип Нойс,триллер,6.8,Игры патриотов,1992
Россия,Андрей Прошкин,драма,6.7,Игры мотыльков,2004
США,Брайан Хенсон,комедия,5.5,Игрушки для взрослых,2018
Чехословакия,Йиндржих Полак,"научно-фантастический фильм
приключения",6.9,Икар-1,1963
США,Эрни Барбараш,"боевик
триллер",6.1,Игры киллеров,2011
США,Сидни Люмет,"криминальный
триллер",7.3,Игры дьявола,2007
США,Брайан Фогель,документальный,7.9,Икар,2017
Германия,Роберт Вине,Драма,6.1,"Иисус Назаретянин, Царь Иудейский",1923
Австралия,"Ник Моррис
Гейл Эдвардс","Драма
мюзикл",7.2,Иисус Христос — суперзвезда,
"Канада
Франция",Дени Аркан,драма,7.5,Иисус из Монреаля,1989
США,Ларри Пирс,"социальная
драма
неонуар
триллер",7.6,"Инцидент, или Случай в метро",1967
США,Норман Джуисон,мюзикл,7.3,Иисус Христос — суперзвезда,1973
Франция,"Люсьен Нонге
/
Фернан Зекка",драма,,История одной любви,1904
"Италия
Великобритания",Франко Дзеффирелли,"драма

экранизация библейских сюжетов",8.5,Иисус из Назарета,27 марта   1977
СССР,Себастьян Аларкон,притча,5.3,История одной бильярдной команды,1988
США,Теренс Янг,военная драма,2.8,Инчхон,1982
США,Энтони Манн,Фильм нуар,7.0,Инцидент на границе,1949
Италия,Марио Камерини,мелодрама,6.3,История одной любви,1942
СССР,Владимир Бычков,комедия,5.9,История одного подзатыльника,1980
Великобритания,Мартин Даркин,документалистиканаучно-популярный,6.6,"История одного обмана, или Глобальное потепление",2007
США,Скотт Александер и Ларри Карезюски,Комедия,5.6,История одного похищения,2000
США,Митчелл Лейзен,мелодрама,7.6,Каждому своё,1946
Италия,Элио Петри,"Криминальный
триллер
Драма",7.0,Каждому своё,1967
США,Уильям Кили,Криминальная мелодрама,7.2,Каждое утро я умираю,1939
Индия,Мира Наир,драма,6.0,Кама Сутра: История любви,1996
США,Джон Фэрроу,Фильм нуар,6.4,Калькутта,1946
"Италия
Франция
Испания
Великобритания
Румыния",Франко Дзеффирелли,"музыкальный фильмфильм-биографиядрама
мелодрама",6.4,Каллас навсегда,2002
"Италия
США","Риккардо Фреда
Марио Бава",фильм ужасов,5.9,"Калтики, бессмертный монстр",1959
"Гонконг
Япония",Дерек Эр Дуншэн,"драма
триллер",6.9,Инцидент в Синдзюку,2009
Великобритания,Питер Уоткинс,"докудрама
военный
исторический",7.8,Каллоден,1964
США,Ноа Баумбах,комедийная драма,7.3,Кальмар и кит,2005
Германия,Герберт Зельпин,"пропагандистский фильм
приключенческий фильм
драматический фильм",5.6,Карл Петерс,1941
США,Роберт Лукетич,"комедия
боевик",5.4,«Киллеры»,2010
Польша,Юлиуш Махульский,комедия,6.7,Киллер 2,1999
Франция,Жак Фьески,драма,5.2,Калифорния,2006
"Франция
Канада",Роджер Эвери,"комедийный
боевик",5.1,Киллер по вызову,2019
США,Джон Мэдден,"драма
триллер",6.0,Киллер,2008
Польша,Анджей Вайда,драма,7.9,Канал,1957
Франция,Паскаль Шомей,комедия,6.4,Киллер поневоле,2016
Германская империя,Йозеф Дельмонт,драма,5.7,Клуб самоубийц,1913
"Великобритания
ЮАР",Энтони Фабиан,"Биография
драма",6.9,Кожа,2008
США,Рэйчел Самуэльс,драма,5.9,Клуб самоубийц,2000
Япония,Сион Соно,"фильм ужасов
иЛГБТ-фильм",6.5,Клуб самоубийц,2001
СССР,Евгений Татарский,приключенческий фильм,7.8,"Клуб самоубийц, или Приключения титулованной особы",1981
США,Гай Наттив,драматический фильм,7.1,Кожа,2018
"Италия
Франция",Лилиана Кавани,"драма
военный фильм",6.6,Кожа,1981
США,Грег Берланти,"комедия
драма",6.9,Клуб разбитых сердец: Романтическая комедия,2000
Франция,Бертран Бонелло,драма,6.2,Кома,2022
Испания,Педро Альмодовар,драматический фильм,,Комната по соседству,
США,Джерри Закс,драма,6.7,Комната Марвина,1996
США,Рэнда Хейнс,драма,6.8,Кое-что про Амелию,9 января   1984
"Великобритания
Канада",Шейн Медоуз,трагикомедия,7.5,Комната для Ромео Брасса,1999
Великобритания,Джеймс Айвори,"мелодрама
драма",7.2,Комната с видом,1985
Испания,Хулио Медем,"мелодрама
эротика",6.1,Комната в Риме,2010
"США
Япония
Франция",Винсент Галло,драма,4.9,Коричневый кролик,2003
Россия,Фёдор Попов,"драма
военный",5.5,Коридор бессмертия,2019
США,Майкл Херст,"фильм ужасов
триллер",4.1,Комната 6,2006
Великобритания,Рэйф Файнс,"триллер
драма",6.1,Кориолан,2011
Италия,Марко Беллоккьо,драма,6.6,Кормилица,1999
"Норвегия
Швеция",Эрик Густавсон,"фэнтези
драма
история",5.8,- Мир Софии),1999
СССР,Юрий Кавтарадзе,,7.6,Костры горят,1961
ГДР,Франк Байер,"драма
мелодрама
военный фильм",7.4,Королевские дети,1962
Гонконг,Дэвид Чун,"боевик
драма",7.0,Королевские воины,1986
СССР,Виллен Новак,героико-приключенческий,6.5,Красные дипкурьеры,1977
,Себастьян Сильва,"мелодрама
комедия
приключения",5.9,Кристал Фэйри и волшебный кактус и 2012,2013
США,Джорджия Ли,драма,6.4,Красные двери,2005
США,Уоррен Битти,"эпическая
историческая
военная
драмафильм-биография",7.3,Красные,1981
Мексика,Дин Райт,драматический фильм,6.5,Кристиада,20 апреля   2012
Великобритания,"Майкл Пауэлл
Эмерих Прессбургер","драма
мелодрама
музыкальный фильм",8.1,Красные башмачки,1948
США,Дэвид ДеКото,"фильм ужасов
постапокалиптика",4.0,Крипозоиды,1987
США,"Тина Маскара
Гуидо Санти",документальный,7.8,Крис и Дон. История любви,2007
"Великобритания
Германия",Кристофер Смит,фильм ужасов,5.6,Крип,2004
Великобритания,Джеймс Уоткинс,"боевик
драма",6.3,Крутые меры,2016
СССР,Николай Розанцев,драматический фильм,6.3,Крутые горки,12 июня   1956
США,Джон Тёртелтауб,"комедия
драма",7.0,Крутые виражи,1993
Германия,Уте Виланд,комедия,5.1,Крутые девчонки,2008
США,Ральф Бакши,"драма
боевик
триллер",4.0,Крутые и чокнутые,16 сентября   1994
США,Чак Винсент,"комедия
эротика",4.2,Крутые девчата,1987
СССР,Аман Камчыбеков,комедия,,Лестница в доме с лифтом,1984
Великобритания,Вэл Гест,"фантастика
ужасы
триллер",6.8,Куотермасс 2,1957
"Гонконг
Китайская Республика",Лун Цзянь,"боевик
драма",6.6,Кунг-фу Ммама,1973
Гонконг,Лю Цзялян,"боевик
комедия",6.7,Кунг-фу бешеной обезьяны,1979
СССР,Валерий Рубинчик,комедия,7.3,Культпоход в театр,1982
"США
Швеция",Дэвид Сандберг,"фантастика
боевик
комедия",,Кунг Фьюри 2,
Швеция,Дэвид Сандберг,"боевик
комедия
пародия",8.0,Кунг Фьюри,2015
США,Мартин Скорсезе,"историческая
драма",7.0,Кундун,1997
"Индия
СССР","Латиф Файзиев
Умеш Мехра","мелодрама
приключенческий фильм",6.1,Легенда о любви,1984
Швейцария,Питер Гринуэй,документальный,6.8,Лестницы 1: Женева,1994
СССР,Раймондас Вабалас,"драма
экранизация",7.4,Лестница в небо,1966
Государство Палестина,Хани Абу-Ассад,"драма
биографический",6.7,Внешние изображения,2015  и  1 декабря   2016
США,Жуль Уайт,комедия,6.0,Летающая тарелка Даффи,1958
СССР,Алексей Сахаров,драматический фильм,6.8,Лестница,1989
США,Эдриан Лайн,"драма
триллер
мистика
ужасы",7.4,Лестница Иакова,1990
Япония,Нобору Накамура,мелодрама,,Любовь и смерть,1971
Великобритания,"Майкл Пауэлл
Эмерик Прессбургер","драма
мелодрама
фантастический фильм",8.0,Лестница в небо,1946  и  15 декабря   1946
СССР,Братья Васильевы,драма,6.6,Личное дело (1932),1932
СССР,Илья Фрэз,мелодрама,6.8,Личное дело судьи Ивановой,1985
СССР,"Степан Кеворков
Григорий Баласанян
Эразм Карамян",драматический фильм,5.5,Лично известен,1957
"США
Франция
Великобритания",Стэнли Донен,комедия,5.3,Лестница,1969
Италия,Тинто Брасс,"фантастика
кинокомедия
пародия",5.8,Летающая тарелка,23 декабря   1964
Германия,Вильгельм Тиле,"музыкальный фильм
и
драматический фильм",7.1,Личная секретарша,1931
"США
Германия",Дэвид Холландер,драма,6.2,Личное,2009
Российская империя,Николай Маликов,драма,,Магнолия,1916
США,Нэнси Мейерс,Семейный фильм,6.6,Ловушка для родителей,1998
США,Роджер Споттисвуд,"драматический фильм
комедийный фильм
и
фильм об американском футболе",6.0,Лучшие времена,1986
США,Валери Брейман,мелодрама,6.1,Любовь и секс,2000
США,Джон Туртурро,"романтическая комедия
мюзикл",6.2,Любовь и сигареты,2005
Египет,Камаль аш-Шейх,мелодрама,6.1,Любовь и слёзы,1955
США,Вуди Аллен,"историческая
комедия",7.7,Любовь и смерть,1975
США,Дэниэл Йост,драма,6.4,Любовь & Секс и т.п.,1996
США,Джордж Бамбер,комедия,6.1,Личная жизнь Этана Грина,2005
Италия,Марио Ланфранки,"фильм-опера
музыкальный фильм
драма
мелодрама",7.8,Мадам Баттерфляй,1956
США,Джефф Николс,драма,7.4,Мад,2012
США,Пол Томас Андерсон,драма,8.0,Магнолия,1999
"Франция
Испания
Италия",Кристиан-Жак,"драма
кинокомедия
мелодрама
военный фильм",6.0,Мадам Беспечность,1961
"Франция
Германия
Великобритания
Япония",Фредерик Миттеран,"фильм-опера
музыкальный фильм
драма
мелодрама",7.0,Мадам Баттерфляй,1995
Италия,"Антонио Манетти
Марко Манетти",комедийный фильм,6.5,Любовь и пуля,2017
США,Роберт Стромберг,фэнтези,6.9,Малефисента,2014
Эстония,Кадри Кыусаар,драма,5.9,Магнус,2007
США,Энди Сидарис,"приключения
боевик",4.8,Малибу-экспресс,1985
Великобритания,Кен Рассел,"драма
музыкальный фильм",7.0,Малер,1974
Великобритания,Питер Стриклэнд,"ужасы
триллер
комедия абсурда",6.2,Маленькое красное платье,"18 сентября 2018 ( Канада ) 
28 июня 2019    Великобритания 
 
6 декабря 2019    США"
Германия,Вернер Херцог,документальный,8.0,Маленькому Дитеру нужно летать,1997
США,Хоаким Роннинг,фэнтези,6.6,Малефисента: Владычица тьмы,2019
Чехословакия,Ольдржих Липский,комедия,8.1,"Маречек, подайте мне ручку!",1976
"Франция
Испания
Италия",Клод Шаброль,"Шпионский
триллер
Комедия",5.3,Мари Шанталь против доктора Ха,1965
США,Колетт Берсон,Мелодрама,6.9,Маленький чёрный ботинок,2004
"Германия
Швейцария",Ален Гспонер,"фэнтезийный фильм
детский фильм
семейный фильм",5.7,Маленькое привидение,2013
США,Эдвин Портер,"комедия
вестерн",5.5,Маленькое ограбление поезда,1905
США,Ив Симоно,триллер,5.4,Мать своих детей,1994
"Италия
-
Франция",Федерико Феллини,драма,7.8,Маменькины сынки,1953
Италия,Фабрицио Коста,биография,7.0,Мать Тереза Калькуттская,2003
США,Скотт Уокер,криминальный триллер,6.4,Мёрзлая земля,2013
СССР,Сергей Колосов,историческая драма,7.4,Мать Мария,1982
СССР,Юрий Ляшенко,"приключенческий фильм
военный
боевик",6.2,«Мерседес» уходит от погони,1980
Польша,Ежи Кавалерович,драма,7.5,Мать Иоанна от ангелов,1961
СССР,Лев Цуцульковский,"драма
детектив",5.8,Мера пресечения,10 ноября   1983
СССР,Вагиф Мустафаев,"драматический фильм
и
трагикомедия",7.3,Мерзавец,1988
Франция,Марсель Паньоль,драматический фильм,6.9,Мерлюсс,1935
США,Марио Ван Пиблз,"драма
биографический",7.3,Мерзавец,2003
США,Джастин Диллард,"робинзонада
фильм ужасов",5.8,Милая,2019
СССР,Никита Хубов,комедия,6.0,Меняю собаку на паровоз,1975
США,Роджер Камбл,"мелодрама
комедия",5.2,Милашка,2002
Россия,,"драматический фильм
ифильм-триллер",5.8,Микулай,2023
Франция,"Клод Нуридзани
Мари Перенну",документальный фильм,7.9,Микрокосмос,1996
Франция,Маймуна Дукуре,"комедия
драма",3.6,Милашки,2020
США,Блейк Эдвардс,"Мелодрама
Фильм нуар",6.6,Мистер Кори,1957
СССР,Юлий Хмельницкий,"музыкальный фильм
мелодрама",7.3,Мистер Икс,1958
"Турция
Бельгия",Гай Ли Тис,драма,6.3,Микс кебаб,2012
Бутан,Нетен Чоклинг,"боевик
приключенческий фильмфильм-биографиядрама",7.0,Миларепа,2006
Великобритания,"Дэвид Моррис
Жак Моррис",кинокомедия,5.8,Мистер идеал,2009
США,Альфред Хичкок,"мелодрама
комедия",6.3,Мистер и миссис Смит,1941
Франция,Эдуар Молинаро,комедия,6.7,Мой дядя Бенжамен,1969
США,Ричард Лонкрэйн,"комедия
драма",6.5,Мой единственный,2009
Индия,Шекхар Капур,"драма
фантастика
комедия",7.7,Мистер Индия,1987
Франция,Marc-Gilbert Sauvajon,комедия,5.7,Мой друг Сенфуан,1949
Япония,Кадзуаки Уэ,"мелодрама
комедия",6.0,Мой жених — иностранец,2010
Индия,Прем Сони,комедия,3.4,Мистер и миссис Кханна,2009
США,Гордон Хесслер,"боевик
драма",5.7,Моли о смерти,1986
Германия,Михаэль Хербиг,"кинопародия
комедийный фильм
вестерн
ифильм-охота за сокровищами",6.7,Мокасины Маниту,"13 июля   2001 ,  19 июля   2001  и  2001"
"Канада
Испания",Начо Вигалондо,"драма
фантастика
триллер
комедия",6.2,Моя девушка – монстр,2016
Республика Корея,Shin Tae-Ra,романтическая кинокомедия,6.3,Моя девушка — спецагент,2009
КНР,Сан Ху,драма,6.8,Моление о счастье,1956
Франция,Кристоф Оноре,драма,6.0,Моя девочка не хочет…,2009
Япония,Квак Чэ Ён,"фантастика
мелодрама",6.9,Моя девушка — киборг,2008
"США
Канада",Джоэл Цвик,романтическая комедия,6.6,Моя большая греческая свадьба,2002
США,Кирк Джонс,романтическая комедия,6.0,Моя большая греческая свадьба 2,2016
США,Эмилио Эстевес,комедия,5.9,Мужчины за работой,1990
"Великобритания
Германия",Кристиан Швохов,"биография
драма
история",6.8,Мюнхен. На грани войны,2022
"Франция
Италия",Даниель Винь,"драма
гангстерский фильм
криминал",6.1,Мужчины,1973
СССР,Альгимантас Видугирис,Драма,,Мужчины без женщин,1981
Германия,Йозеф фон Баки,приключенческий фильм,7.0,Мюнхгаузен,1943
Таиланд,Пиак Постер,драма,,Нарушенная верность,1972
США,Джон Сэйлз,"историческая
драма",7.9,Мэтуон,1987
"США
Канада
Франция",Стивен Спилберг,"триллер
драма",7.5,Мюнхен,2005
СССР,Эдмонд Кеосаян,комедия,7.9,Мужчины,1972
СССР,Манос Захариас,,6.4,На углу Арбата и улицы Бубулинас,1972
США,Арнольд Лейвен,"Фильм нуар
Полицейский процедурал",6.7,На трёх тёмных улицах,1954
США,Джошуа Майкл Штерн,"комедия
драма",6.1,На трезвую голову,2008
США,Фрэнк Роддэм,"драма
боевик",6.3,На тропе войны,1988
США,Харолд Беккер,"триллер
драма",6.2,Мэрия,1996
Россия,,,6.6,Нас других не будет,2021
Гонконг,Чон Чхан Хва,"боевик
драма",6.8,Нарушенная клятва,1977
СССР,Борис Токарев,"драма
исторический фильм",7.0,Нас венчали не в церкви,1982
Франция,"Николя Шарле
Брюно Лавен",комедийный фильм,5.7,Нас двое,2008
Италия,Тинто Брасс,"Эротическая
мелодрама",5.4,Нарушая запреты,2000
США,Джад Тейлор,"драма
мелодрама
триллер",5.6,Нарушенные обеты,1987
Россия,Михаил Мамедов,"драма
исторический фильм
военный",,"Неистовый, яростный, бешеный…",2011
Франция,Бертран Блие,мелодрама,6.4,Наша история,1984
Египет,Ахмед Дыя эд-Дин,Социальная драма,6.9,Наша зелёная земля,1956
Япония,Кэйсукэ Киносита,драма,6.3,Нарушенный завет,1948
Великобритания,Эндрю Синклер,комедия,4.9,Нарушение Бамбо,1970
США,Брайен Юзна,фильм ужасов,6.2,Невеста реаниматора,1989
США,Джефф Лоуэлл,комедия,5.3,Невеста с того света,2008
"США
Россия",Роберт Капелли мл.,"комедия
криминал",4.1,Невеста по почте,2003
США,Герд Освальд,фантастика,7.4,Невидимки,1964
Германское государство,"Виктор Тривас
Георгий Жданов","военная
драма",6.6,Ничейная земля,1931
"США
Япония",Каё Хатта,"драма
мелодрама",6.6,Невеста по фотографии,1995
СССР,Владимир Басов,комедия,4.8,Нейлон 100 %,1973
США,Питер Уэрнер,"криминальный фильм
драма",6.1,Нейтральная полоса,1987
США,Майкл Ритчи,"спорт
комедия",7.3,Несносные медведи,1976
США,Сет Гордон,комедия,6.9,Несносные боссы,2011
США,Ричард Линклейтер,"спорт
комедия",5.8,Несносные медведи,2005
США,Майкл Прессман,"спорт
комедия",5.6,Несносные медведи в перерыве между тренировками,1977
США,Гарри Маршалл,"комедия
драма",5.6,Несносные леди,2016
"США
Германия",Тони Гилрой,"триллер
мелодрама",6.1,Ничего личного,2009
США,Уильям Уэллман,кинокомедия,6.9,Ничего святого,1937
США,Тэйлор Хэкфорд,"боевик
приключения
криминал",5.9,Несмотря ни на что,1984
США,Рик Фридберг,"комедия
пародия
боевик",5.3,Неистребимый шпион,1996
США,Деклан О’Брайэн,"фильм ужасов
слэшер
триллер",4.7,Ничего себе поездочка 3,2014
Польша,Марек Котерский,комедия,7.3,Ничего смешного,1995
США,Гонсало Лопес-Гальего,,,Обратная тяга 2,
США,Дэвид Уорк Гриффит,драматический фильм,5.2,Нить судьбы,1909
США,Джон Дал,"триллер
роуд-муви",6.6,Ничего себе поездочка,2001
"США
Канада",Луи Морно,"слэшер
триллер",5.1,Ничего себе поездочка 2: Смерть впереди,2008
Чехословакия,Отакар Вавра,"психологическая драма
экранизация",6.9,Ночной гость,1961
США,Брэдфорд Мэй,драма,4.6,Ничего личного,1993
"Нидерланды
Канада
Великобритания
США
Франция
Германия
Польша",Питер Гринуэй,"драма
биография",6.5,Ночной дозор,2007
Канада,Жан-Клод Лозон,драма,7.1,Ночной зверинец,1987
Россия,Тимур Бекмамбетов,городское фэнтези,6.4,Ночной Дозор,2004
США,Барт Фрейндлих,"мелодрама
комедия",6.3,Нянька по вызову,2009
США,Дэвид Росс,драма,5.6,Няньки,2007
Россия,Ашот Кещян,комедия,3.7,Няньки,2012
СССР,Александр Литвинов,шпионский фильм,,"Око за око, газ за газ",1924
"Россия
Белоруссия",Геннадий Полока,драма,,Око за око,2010
Польша,Ежи Антчак,документальный фильм,7.6,Нюрнбергский эпилог,1970
"США
Гонконг",Дэвид Джексон,"боевик
триллер",5.1,Ночной дозор,
СССР,"Энвер Аблуч
Гасан Аблуч",драма,,Окно,1991
СССР,Геннадий Полока,трагикомедия,6.9,Одиножды один,1974
США,Джей Роуч,"фильм-ограбление
комедия
криминал",,Одиннадцать друзей Оушена,2024
"Исландия
Финляндия
Великобритания",Роберт И. Дуглас,комедия,5.0,Одиннадцать мужчин вне игры,2005
СССР,Виктор Садовский,спортивная киноповесть,5.6,Одиннадцать надежд,1975
США,Барбе Шрёдер,"эротический триллер
психологический фильм",6.4,Одинокая белая женщина,1992
Россия,Андрей Стемпковский,"драма
криминал",5.9,Обратное движение,2010
Великобритания,Montgomery Tully,"драматический фильм
и
криминальный фильм",5.7,Обратной дороги нет,1957
США,Стивен Содерберг,"Криминальный триллер
комедияфильм-ограблениеприключения",7.7,Одиннадцать друзей Оушена,2001
США,Джон Шлезингер,триллер,6.2,Око за око,1996
"Франция
Италия",Клод Шаброль,"Криминальная
мелодрама",7.0,Око лукавого,1962
Канада,Гарри Йэтс,фильм ужасов,4.3,Око зверя,2007
США,Фред Циннеман,мюзикл,7.0,Оклахома!,1955
"Россия
Франция",Юрий Мамин,"трагикомедия
комедия
мелодрама
фантастика",7.4,Окно в Париж,1993
США,Тед Тецлафф,"Фильм нуар
Триллер",7.4,Окно,1949
США,Альфред Хичкок,Саспенс,8.5,Окно во двор,1954
"Италия
Великобритания
Турция
Португалия",Ферзан Озпетек,"драма
мелодрама",7.2,Окно напротив,2003
США,Джон Н. Смит,"драма
триллер",6.5,Опасные умы,1995
США,Стив Карвер,боевик,5.5,Око за око,1981
США,"Мария Данте
Род Хьюит","фильм-триллери
боевик",4.0,Опасный,1995
Россия,Алексей Рудаков,"эротика
комедия",3.4,Особенности русской бани,1999
"Франция
Бельгия","Оливье Накаш
Эрик Толедано",драма,7.4,Особенные,2019
"Россия
Сербия",Константин Статский,комедия,6.2,Отель «Белград»,2020
Россия,Александр Рогожкин,комедия,7.2,Особенности национальной рыбалки,1998
Россия,"Дмитрий Месхиев
Юрий Конопкин",комедия,4.7,Особенности национальной политики,2003
Германия,Эрих Энгель,драма,6.5,Отель «Захер»,1939
"Италия
США",Чинция Торрини,приключенческий фильм,4.1,Отель «Колониаль»,1987
"Великобритания
США",Дрю Пирс,"боевик
триллер",6.1,«Отель „Артемида“»,2018
"США
Германия",Уэс Андерсон,Трагикомедия,8.1,Отель «Гранд Будапешт»,2014
"США
Великобритания",Оливер Паркер,экранизация,6.8,Отелло,1995
СССР,Виктор Сергеев,криминальная драма,6.2,Палач,1990
Югославия,Деян Шорак,мелодрама,7.5,Офицер с розой,1987
Германия,Ули Эдель,"историческая
драма",7.4,Отель «Адлон»: Семейная сага,6 января   2013
Россия,"Карен Шахназаров
Александр Горновский",драма,6.3,Палата № 6,2009
Франция,Франсуа Дюпейрон,"драма
мелодрама
военный",7.4,Палата для офицеров,2001
"Россия
/
Китай",Цзян Лю,мелодрама,,Песня Линшуй,2018
Польша,Кшиштоф Грубер,"драма
экранизация",7.2,Палата №6,1987
США,Джон Карпентер,"фильм ужасов
триллер",5.5,Палата,2010
СССР,Гамер Саламзаде,документальный фильм,,Песня исцеления,1944
"США
Канада",Джо Мантелло,драма,6.8,Парни в группе,2020
США,Джордж Клуни,драма,7.0,Парни в лодке,2023
США,Вэйкфильд Пул,порнографический фильм,6.7,Парни в песке,29 декабря   1971
США,Стэйси Кохрэн,мелодрама,4.9,Парни,1996
США,Джеймс Уильям Гуэрсио,боевик,7.0,Парни в синей форме,1973
США,"Лайонел Барримор
Хэл Роуч","мюзикл
мелодрама",5.6,Песня мошенника,1930
США,Уильям Фридкин,драматический фильм,7.6,Парни в группе,1970
США,"Энтони Руссо
Джо Руссо","боевик
приключения
научная фантастика
супергероика",7.8,Первый мститель: Противостояние,2016
ГДР,"Курт Метциг
Гюнтер Райш",Историко-революционный,6.3,Песня матросов,1958
США,Макс Уокер-Сильверман,драма,6.7,Песня любви,2022
Российская империя,Александр Волков,драма,,Пляска смерти,1916
"Канада
Венгрия",Франсуа Жирар,драма,6.5,Песня имён,2019
США,"Энтони Руссо
Джо Руссо","боевик
приключения
научная фантастика
супергероика",7.7,Первый мститель: Другая война,2014
Великобритания,Найал МакКормик,драма,7.3,Песня ланча,2010
Швейцария,Эрик Бергкраут,Документальный фильм,6.6,Письмо Анне,2008
Россия,Андрей Кравчук,исторический фильм,5.4,Пётр I: Последний царь и первый император,2022
США,Джо Джонстон,"боевик
приключения
научная фантастика
супергероика",6.9,Первый мститель,2011
"Великобритания
Испания
Германия",Кен Лоуч,"драма
мелодрама
военный фильм",6.8,Песня Карлы,1996
Украина,Кира Муратова,драма,6.5,Письмо в Америку,1999
США,Жан Де Лимур,"романтический фильм
процессуальная драма
криминальный фильм
и
немое кино",6.6,Письмо,1929
Россия,Тыну Вырве,"драма
исторический фильм
биография",7.9,Пляска смерти,1991
США,Алан Пакула,детектив,5.7,По взаимному согласию,1992
Канада,Ричард Дж. Льюис,трагикомедия,7.3,По версии Барни,2010
США,Уильям Диксон,"танцевальный фильм
и
немое кино",5.2,Пляска духа племени сиу,1894
США,Уильям Уайлер,"детектив
драма",7.5,Письмо,1940
СССР,Виталий Кольцов,драма,6.4,По 206-й…,1990
Германия,Отто Рипперт,Ужасы,6.2,Пляска смерти,1919
СССР,Георгий Натансон,мелодрама,6.1,Повторная свадьба,1975
"Великобритания
США",Терри Макдоно,остросюжетный боевик,,Повреждённый,
США,Дэн Петерсон,"комедия
;
ужас",5.0,Подружка из ада,1989
США,Дженнифер Арнольд,Мелодрама,5.5,Подружка невесты,1999
СССР,Виктор Эйсымонт,агитновелла,,"Подруги, на фронт!",
СССР,Владимир Гориккер,"комедия
музыкальный фильм",6.6,Под крышами Монмартра,1975
Италия,Микеланджело Антониони,"драма
мелодрама",7.1,Подруги,1955
США,Фрэнк Хененлоттер,"фильм ужасов
комедия",6.5,Повреждение мозга,1988
"Чехия
Великобритания
Япония",Ян Шванкмайер,"комедия
драма
фэнтези
триллер
мистика",7.3,Полено,2000
СССР,Валерий Лонской,производственная драма,,Полевая гвардия Мозжухина,1985
Россия,Александр Белинский,телевизионный балет,,Последняя Тарантелла,1992
"Китай
Гонконг",Дин Шэн,"боевик
криминал
триллер",5.9,Полицейская история 2013,2013
США,Джонатан Каплан,драма,6.5,Поле любви,1992
ФРГ,Хельмут Койтнер,комедия,6.5,Помолвка в Цюрихе,1957
США,Роско Арбакл,комедия,6.3,Помощник мясника,1917
США,Стюарт Марголин,комедия,4.1,Помощнички,1988
Югославия,Эмир Кустурица,драма,7.5,Помнишь ли ты Долли Белл?,1981
Австралия,Питер Темплмен,"драма
мелодрама
комедия",5.8,Помогите стать отцом,2012
"США
Франция
Португалия",Гейб Клингер,"драма
мелодрама",6.0,Последние любовники,2016
Япония,Кон Итикава,"драма
военный",8.0,Полевые огни,1959
Исландия,Йоханн Йоханссон,научно-фантастический фильм,6.7,Последние и первые люди,2020
СССР,Валерий Кремнёв,,7.5,Последние каникулы,1969
США,Питер Маркл,драма,5.4,Последние дни Фрэнки по прозвищу «Муха»,1996
СССР,Леон Сааков,"киноповесть
военный
драма
экранизация",6.7,Последние залпы,1960
"США
Мексика",Джозеф Мерхи,"боевик
драма",4.3,Последние искатели приключений,1991
Великобритания,Теренс Фишер,Фильм нуар,6.3,Последняя страница,1952
"Великобритания
Германия",Фред Скеписи,драма,6.9,Последние желания,2001
США,Тэй Гарнетт,"криминальный фильм
драма
нуар
мелодрама
триллер",7.4,Почтальон всегда звонит дважды,1946
"Италия
Франция
Бельгия",Майкл Рэдфорд,драма,7.8,Почтальон,1994
Россия,Рената Литвинова,"фэнтези
драма
детективный фильм",6.8,Последняя сказка Риты,2011
Италия,Тинто Брасс,комедийный фильм,5.1,Почта Тинто Брасса,1995
США,Кевин Костнер,"постапокалиптика
приключения
драма",6.1,Почтальон,1997
СССР,Владимир Гардин,"драма
экранизация",,Последняя ставка мистера Энниока,1922
"Аргентина
Испания","Гастон Дюпра
Мариано Кон","драма
комедия",7.5,Почётный гражданин,2015  и  2 ноября   2017
"Великобритания
Мексика",Джон МакКензи,драма,5.7,Почётный консул,1983
США,Джин Квинтано,"авантюрная
комедия",5.8,Почему я?,1990
Россия,Саида Медведева,документальный,4.2,Президент,
"США
Россия",Тимур Бекмамбетов,"боевик
фэнтези
фильм ужасов
триллер",5.9,Президент Линкольн: Охотник на вампиров,2012
Россия,Тигран Кеосаян,комедия,5.7,Президент и его внучка,1999
СССР,Абрам Роом,драма,6.9,Преждевременный человек,1971
"Франция
Италия",Коста-Гаврас,драма,7.8,Признание,1970
"Франция
Италия",Анри Вернёй,"драма
комедия",7.2,Президент,1961
США,Ричард Клеттер,триллер,4.7,Признавшимся — смерть,1994
СССР,Нерсес Оганесян,комедия,6.4,Приехали на конкурс повара…,1977
США,Сэм Уайзман,комедия,5.5,Приезжие,1999
СССР,Вадим Гаузнер,драматический фильм,7.0,Принц и нищий,1972
Италия,Дамиано Дамиани,"драматический фильм
криминальный фильм
и
политический триллер",7.2,Признание комиссара полиции прокурору республики,1971
США,"Уильям Кайли
Уильям Дитерле
(нет в титрах)",драма,7.2,Принц и нищий,1937
СССР,Эрнест Ясан,"мелодрама
драма",6.3,Придут страсти-мордасти,1981
СССР,Валерий Лонской,мелодрама,6.6,Приезжая,1977
Чехословакия,Вацлав Ворличек,"мелодрама

сказка
семейное кино",7.0,Принц и Вечерняя Звезда,1978
США,Шон Бейкер,"драма
комедия",7.6,Проект «Флорида»,2017
Гонконг,Джеки Чан,"боевик
комедия",7.0,Проект А: Часть 2,1987
США,Сидни Люмет,"драма
триллер
экранизация",7.4,Принц города,1981
Германия,Ян Оле Герстер,"комедия
драма",7.3,Простые сложности Нико Фишера,2012
"Австралия
—
Югославия",Фрэнк Шилдс,фантастика,3.6,Проект «Пришелец»,1990
Республика Корея,Син Сан Ок,"исторический фильм
драма",7.4,Принц Ёнсан,1961
"США
Канада",Джон Эйрс,"фантастика
ужасы",3.6,Проект «Охотник за тенью 3»,1995
Украина,Сергей Чеботаренко,"драма
спортивный фильм",7.0,Пульс,2021
США,Хэл Хартли,комедия,7.1,Простые люди,1992
США,"Генри Джуст
Эриэль Шульман","боевик
триллер
фантастика
криминал",6.0,Проект «Сила»,2020
США,Джоэль Сойссон,фильм ужасов,3.7,Пульс 3: Вторжение,2008
США,Нэнси Мейерс,"комедия
мелодрама",6.5,Простые сложности,2009
США,Джоэль Сойссон,фильм ужасов,3.4,Пульс 2: После жизни,2008
США,Джим Сонзеро,"ужасы
фантастика",4.7,Пульс,2006
США,Ф. Гэри Грей,комедия,7.2,Пятница,1995
США,Маркус Рэбой,комедия,5.8,Пятница после следующей,2002
Россия,Евгений Шелякин,комедия,6.1,Пятница,2016
СССР,Василий Журавлёв,приключенческий фильм,7.2,Пятнадцатилетний капитан,1945
СССР,Александр Соловьёв,"драма
исторический фильм",7.3,Пять невест,1930
СССР,Инна Туманян,драма,6.7,Пятнадцатая весна,1971
США,Уолт Беккер,комедияроуд-муви,5.8,Реальные кабаны,2007
США,Бен Стиллер,"комедия
мелодрама
драма",6.6,Реальность Кусается,1994
Гонконг,Чжан Чэ,боевик,7.0,Пятеро ядовитых,1978
Россия,Игорь Масленников,"Исторический фильм
комедия",,Русские деньги,2006
Россия,Николай Фомин,"исторический фильм
военный фильм
драма",,Русские братья,1992
США,Марта Кулидж,комедия,3.9,Реальные девчонки,2006
США,Джефф Уодлоу,"драма
криминал
комедия",5.9,Реальные воспоминания международного убийцы,11 ноября 2016
"Великобритания
США",Ричард Кёртис,трагикомедия,7.6,Реальная любовь,2003
"Дания
Канада
Швеция
Франция
Германия
Великобритания
США",Лоне Шерфиг,драма,6.5,Реальная любовь в Нью-Йорке,2019
Россия,Пётр Тодоровский,драма,5.9,Риорита,2008
Россия,Андрей Мармонтов,"комедия
триллер",4.5,Реальная сказка,2011
"Франция
Бельгия",Жан-Пьер и Люк Дарденн,драма,7.4,Розетта,1999
"Германия
Нидерланды",Маргарета фон Тротта,"драма
исторический",6.7,Розенштрассе,2003
"Великобритания
США",Том Стоппард,трагикомедия,7.3,Розенкранц и Гильденстерн мертвы,1990  и  28 февраля   1991
"ФРГ
Чехословакия",Маргарета фон Тротта,"биографическая
драма",6.9,Роза Люксембург,1986
Россия,Никита Михалков,документальный фильм,7.4,Русские без России,2003
Российская империя,Василий Гончаров,Исторический,4.9,Русская свадьба XVI столетия,1909
Россия,Константин Лопушанский,"фантастика
драма
притча",6.5,Русская симфония,1994
США,Рик Розентал,драматический фильм,5.5,Русские,1987  и  16 июня   1988
"Россия
Дания
Швеция
Великобритания",Мортен Арнфред,"мелодрама
триллер",5.7,Русская певица,1993
США,Джеймс Лэндис,триллер,6.6,Садист,1963
"США
Россия",Грейдон Кларк,"триллер
криминал",3.5,Русская рулетка,1993
США,Майкл С. Охеда,"триллер
ужасы",5.2,Русская невеста,2019
СССР,Ольгерт Дункерс,,6.3,Сад с призраком,1983
"Италия
ФРГ
Франция",Витторио Де Сика,драма,7.3,Сад Финци-Контини,1970
США,Джон Хэйес,фильм ужасов,4.0,Сад мертвецов,1972
СССР,Али Хамраев,драма,7.4,Сад желаний,1987
Россия,Сергей Овчаров,комедия,6.8,Сад,2008
"Словакия
Франция
Чехия",Мартин Шулик,"драматический фильм
комедийный фильм
иток-шоу",7.6,Сад,1995  и  14 ноября   1996
США,Фрэнсин МакДугалл,комедия,5.7,Сахар и перец,2001
"Великобритания
Германия",Альфред Хичкок,"драма
мелодрама",5.8,Сад наслаждений,1925
"Великобритания
ФРГ",Дерек Джармен,драма,6.4,Сад,1990
Канада,Дэвид Кроненберг,драма,7.2,Связанные насмерть,1988
США,Дэниэл Эпплби,мелодрама,4.5,Связанная с кляпом во рту. Любовная история,1993
Австралия,Дамон Гамо,документальный фильм,7.4,Сахар,29 октября   2015  и  20 ноября   2014
Испания,Педро Альмодовар,"тёмная
романтическая комедия",7.0,Свяжи меня!,1990
Украина,Роберт Кромби,"эротическая
мелодрама",4.5,Сафо,2008
США,Мэри Ламберт,триллер,4.6,Своя тусовка,2000
СССР,Виктор Аристов,экранизация,,Свояки,1978 / 1987
США,Ричард Колла,триллер,5.5,Связанные обманом,1994
Испания,"Альфонсо Альбасете
Давид Менкес",Драма,3.9,"Секс, вечеринки и ложь",2009
"Великобритания
Люксембург
США",Стюарт Рэффил,триллер,4.9,Секс ради выживания,2005
США,Уилл Глак,"комедия
мелодрама",6.5,Секс по дружбе,2011
США,Марко Шнабель,комедия,3.8,Секс-гуру,2008
США,Майлз Брэндмэн,"комедия
мелодрама
драма",4.8,Секс на завтрак,2007
СССР,Марк Донской,исторический фильм,6.4,Сердце матери,1965
США,Рон Андервуд,комедия,7.0,Сердце и души,1993
США,Джастин Чон,драматический фильм,7.1,Синий залив,2021
СССР,Григорий Мелик-Авакян,мелодрама,5.2,Сердце матери,1957
"США
Мексика",Анхель Мануэль Сото,"боевик
приключения
фантастика
супергероика
киберпанк",6.0,Синий Жук,2023
США,Джордж Маршалл,нуар,7.1,Синий георгин,1946
Финляндия,Ханна Бергхольм,"фильм ужасов
история взросления
ибоди-хоррор",6.2,Скрежет,4 марта   2022  и  16 июня   2022
США,Джереми Каган,"драма
биография",6.5,Скотт Джоплин,1977
США,Kip Andersen,документальный фильм,8.1,Скотозаговор,2014
Ирландия,Джим Шеридан,драма,6.7,Скрижали судьбы,2016
СССР,Вадим Абдрашитов,"притча
фантасмагория",7.3,Слуга,1988
"США
Великобритания",Эдгар Райт,"романтическая комедия
боевик",7.6,Скотт Пилигрим против всех,2010
Россия,Михаил Сегал,мелодрама,6.4,Слоны могут играть в футбол,2018
Великобритания,Джозеф Лоузи,драма,7.8,Слуга,1963
Россия,Олег Рясков,фильм плаща и шпаги,5.9,Слуга государев,2007
США,Аллен Култер,"детективная
драма",6.5,Смерть Супермена,2006
США,Майкл Андерсон,"Приключенческий фильм
ужасы
драма",5.7,Смерть среди айсбергов,1977
"Германия
Ирландия",Йен Фитцгиббон,драма,7.0,Смерть супергероя,10 сентября   2011  и  30 августа   2012
"Польша
Швеция",Томаш Василевски,драматический фильм,6.1,Соединённые штаты любви,19 февраля   2016  и  12 января   2017
"Великобритания
Франция
Бельгия",Армандо Ианнуччи,политико-сатирическаячёрная комедия,7.2,Смерть Сталина,2017
США,Герберт Бренон,драма,5.8,Соррел и сын,1927
"Франция
Испания
Ирландия
Бельгия",Данис Танович,"драма
военный фильм",6.5,Сортировка,2009
СССР,Николай Экк,"комедия
музыкальная комедия",6.5,Сорочинская ярмарка,1938
Великобритания,Ян Шванкмайер,,7.5,Смерть сталинизма в Богемии,1991  и  1990
СССР,"Виктор Рабинович
Станислав Белянинов
Виктор Крюков
Игорь Беляев
Самарий Зеликин",хроникально-документальный фильм,,Стратегия победы,1984
Россия,Илья Белов,документальный фильм,7.2,Сорокин трип,2019
Франция,"Люсьен Нонге
Фернан Зекка","сказка
драма",6.8,Спящая красавица,1902
Украина,Семён Горов,мюзикл,6.0,Сорочинская ярмарка,2005
СССР,Наум Трахтенберг,драма,7.2,Сорока-воровка,1958
"США
Великобритания",Sam Yates,"фильм-триллери
драматический фильм",,Сорока,
СССР,"Аполлинарий Дудко
Константин Сергеев","фильм-балет
сказка

мелодрама",6.5,Спящая красавица,1964
Венгрия,Корнель Мундруцо,драматический фильм,6.1,Спутник Юпитера,2017
СССР,Гунар Цилинский,"драма
экранизация",6.9,Страх,1986
США,Фред Уолтон,драма,4.6,Степфордские мужья,1996
СССР,Александр Прошкин,"производственный фильм
драма",5.9,Стратегия риска,
"Италия
Франция
Югославия",Альберто Латтуада,"киноповесть
экранизация",6.8,Степь,1962
США,"Роджер Корман
Монте Хеллман",ужасы,5.0,Страх,1963  и  сентябрь  1963
"Дания
Великобритания",Николас Виндинг Рефн,психологический триллер,6.0,Страх «Икс»,2003
СССР,Рафаэль Гаспарянц,"приключения
история",,Тайна рукописного Корана,1991
Австрия,Геральд Каргль,"ужасы
триллер",7.2,Страх,1983
Италия,Бернардо Бертолуччи,драма,6.9,Стратегия паука,1969
"Ямайка
США",Цесс Сильвера,боевик,6.1,Стрельба,2002
"США
Израиль",Йосеф Сидар,драматический фильм,6.1,Стратегия Оппенгеймера,2016  и  21 сентября   2017
США,Джон Тёртелтауб,комедия,3.5,Сумасшедшая история,1991
США,Тор Фройденталь,драма,7.2,Сумасшедшая любовь,2020
Гонконг,Рики Лау,"боевик
комедия",3.3,Сумасшедшая парочка,1979
"Израиль
Германия",Dror Shaul,драматический фильм,7.1,Сумасшедшая земля,2006  и  7 августа   2008
"Великобритания
США",Жанно Шварц,"боевик
приключения
фэнтези
фантастика",4.4,Супердевушка,1984
США,Герберт Росс,комедия,7.6,"Сыграй ещё раз, Сэм",1972
США,Стэнли Крамер,трагикомедия,7.3,Тайна Санта-Виттории,1969
США,Крэйг Мазин,"супергеройский фильм
комедия
пародия",4.7,Супергеройское кино,27 марта   2008  и  24 июля   2008
Норвегия,Миккел Бренне Сандемус,"приключения
боевик",5.8,Тайна Рагнарока,2013
"Франция
Бельгия",Николя Бенаму,"комедия
криминал
детектив",4.9,Тайна Сен-Тропе,2021
"Россия
Китай",Олег Степченко,"фэнтези
приключения
боевик",4.7,Тайна печати дракона,2019
США,Эндрю Ван Ден Хутен,фильм ужасов,4.6,Тайна разума,2005
СССР,"Араик Габриэлян
Вениамин Дорман",,6.8,Талисман,1983
Япония,Микио Нарусэ,семейная драма,6.7,Танцовщица,1951
Чехословакия,"Иво Томан
Ярослав Балик
(2-й реж.)","военный
история
драма",5.5,Танковая бригада,1955
СССР,"Зиновий Драпкин
Роберт Майман","пропагандистский фильм
кинофантастика
псевдо-военный",5.0,Танкисты,1939
Франция,Жиль Беа,триллер,4.0,Танцевальная машина,1990
Чехословакия,Вит Ольмер,комедия,6.6,Танковый батальон,1991
Испания,Даниэль Санчес Аревало,драма,7.1,Тёмносинийпочтичёрный,2006
"Чехия
Чехословакия",Отакар Вавра,"драматический фильм
научно-фантастический фильм
боевик
ифильм-триллер",5.3,Тёмное солнце,1980
Белоруссия,Виталий Дудин,комедия,,Три женщины и мужчина,1998
Италия,Дамиано Дамиани,драматический фильм,5.9,Тёмное солнце,1990
США,Вон Стайн,"триллер
драма",5.6,Тёмное наследие,2020
США,Чарли Чаплин,трагикомедия,7.4,Тихая улица,1917
Республика Корея,Ким Чжи Ун,"ужасы
комедия",7.0,Тихая семья,1998
США,Монте Хеллман,слэшер,3.5,"Тихая ночь, смертельная ночь 3: Лучше поберегись!",1989
США,Клэй Боррис,боевик,5.6,Тихая прохлада,1986
США,Лес Мэйфилд,"боевик
комедия",5.5,Тот самый человек,2005
СССР,Валерий Исаков,"детектив
приключения
драма",6.1,Тихая Одесса,1967
США,Рудольф Мате,нуар,6.3,Тёмное прошлое,1948
"США
Канада",Chris Ver Wiel,"фильм-ограблениеи
комедийный фильм",6.3,"Тот, кого заказали",2001
СССР,Марк Захаров,Трагикомедия,8.3,Тот самый Мюнхгаузен,1 января   1980
Россия,Сарик Андреасян,"фэнтези
комедия",4.2,Тот ещё Карлосон!,2012
"США
Великобритания",Дон Чеффи,"драма
фэнтези
семейный",7.2,Три жизни Томазины,1963
США,Роберт Олтмен,драма,7.7,Три женщины,1977
СССР,Резо Чархалашвили,комедия,6.1,Три жениха,1978
США,Дэвид Уорк Гриффит,вестерн,5.8,Три друга,1913
США,Марта Кулидж,"драма
фэнтези",6.1,Три желания,1995
СССР,Эрик Лацис,,6.4,Тростниковый лес,1971
СССР,Виктор Аристов,мелодрама,7.0,Тростинка на ветру,1980
США,Стэнли Кубрик,"военная
драма",8.4,Тропы славы,1957
Индия,Сатьяджит Рай,"комедия
драма",7.9,Три дочери,1961
США,Уолтер Хилл,драма,7.2,Тяжёлые времена,1975
США,Джим Уайнорски,триллер,4.8,Тяжело умирать,1990
Япония,Сёдзо Макино,дзидайгэки,6.5,Тюсингура: Правдивая история,1928
Великобритания,Ник Хэмм,комедия,6.3,Убить Боно,2011
США,Дэвид Грин,драма,5.6,Тяжёлая страна,1981
США,"Квентин Тарантино
Q
&
U
(персонаж Невеста)","криминальный боевик
драма
триллер",8.7,Убить Билла. Фильм 1,2003
Великобритания,Брюс Робинсон,чёрная комедия,7.5,Уитнэйл и я,1987
США,Квентин Тарантино,"криминальный боевик
драма",8.2,Убить Билла. Фильм 1,2003
США,Кейси Леммонс,"музыкальный фильм
биографический фильм
и
драматический фильм",6.6,Уитни Хьюстон. Потанцуйте со мной,2022
США,Майкл Алмерейда,биографический фильм,6.2,Уильям Эглстон в реальном мире,2005
США,Квентин Тарантино,"криминальный
боевик
триллер
драма",8.0,Убить Билла. Фильм 2,2004
"Великобритания
Франция
США",Ричард Лонкрейн,"романтическая комедия
фильм о спорте",6.3,Уимблдон,2004
"Великобритания
США","Ник Брумфилд
Руди Долезал",документальный фильм,6.8,Уитни: Могу я быть собой?,8 июня   2017
Китай,Вэнь Муе,трагикомедия,7.8,"Умираю, как хочу жить",2018
США,Анджела Бассетт,"драма
биография",5.0,Уитни,
США,Крейг Лукас,драма,6.4,Умирающий Галл,2005
Германия,Беньямин Канту,драма,6.5,Урожай,2011
США,"Том Стерн
Алекс Уинтер",комедия,6.3,Образина,1993
США,Дэвид Маркони,"криминальный фильм
триллер",5.5,Урожай,1992
США,Тод Браунинг,"фильм ужасов
драма",7.8,Уродцы,1932
Франция,Луи Фейад,"криминальный фильм
драма",6.8,Фантомас против Фантомаса,1914
Франция,Робер Верне,криминальный фильм,6.1,Фантомас против Фантомаса,1950
"Франция
Италия",Андре Юнебель,"комедия
детектив",6.7,Фантомас против Скотланд-Ярда,1967
США,Ф. Гэри Грей,боевик,6.6,Форсаж 8,2017
"США
Япония",Джастин Лин,боевик,6.5,Форсаж 4,2009
"Франция
Италия",Андре Юнебель,"комедия
детектив",6.9,Фантомас,4 ноября   1964
США,Гильермо дель Торо,"супергеройский фильм
фэнтези
боевик",6.8,Хеллбой: Герой из пекла,2004
"США
Германия",Роб Коэн,боевик,6.8,Форсаж,2001
"Россия
Латвия",,документальный фильм,,Цветной сектор,2018
США,Джеймс Ван,боевик,7.1,Форсаж 7,2015
"США
Германия",Гильермо Дель Торо,"супергеройский фильм
фэнтези",7.0,Хеллбой 2: Золотая армия,2008
США,Нил Маршалл,супергеройский фильм,5.2,Хеллбой,2019
Финляндия,Антти Йокинен,драматический фильм,6.2,Хелене,17 января   2020
Франция,Жак Майло,драма,7.1,Холодный как лето,2 октября   2002   (Namur International Festival of French-Speaking Film) 3 октября   2003   (ТВ)
США,Ричард Уилсон,"Приключенческий фильм
Мелодрама
Фильм нуар",5.6,Холодный ветер в Эдеме,1958
США,Элай Рот,"фильм ужасов
фильм-триллер
ЛГБТ-фильм
слэшер
и
сплэттер",5.5,Хостел 2,2007
США,Скотт Шпигель,"фильм ужасов
триллер",4.6,Хостел 3,2011
США,Элай Рот,ужасы,5.9,Хостел,2005
СССР,Александр Мачерет,Экранизация,6.4,Цветные киноновеллы,1941
Япония,Хирокадзу Корээда,"комедия
драма",6.6,Цветок,2006
Италия,Клаудио Джованнези,драма,6.5,Цветок,2016
США,Тамара Дженкинс,комедийная драма,7.2,Частная жизнь,2018
СССР,Юлий Райзман,драма,7.0,Частная жизнь,1982
Филиппины,Ауреус Солито,драма,7.0,Цветение Максимо Оливероса,2005
Украина,Александр Игнатуша,"социальная
драма",7.3,Цветение одуванчика,1992
"США
Великобритания",Мэтт Хейнеман,"драма
военный
биография",6.7,Частная война,2019
Франция,Бертран Тавернье,"драма
детектив",7.1,Часовщик из Сен-Поля,1974
США,Бетти Томас,"биографическая
комедия",6.9,Части тела,1997
СССР,"Гарник Аразян
Борис Бушмелёв","детский фильм
сказка",6.8,Цветик-семицветик,
"Франция
Италия",Клод Отан-Лара,драма,7.3,Через Париж,1956
СССР,Александр Захаров,фантастика,5.9,Человек-невидимка,1984
Турция,Эрдем Тепегёз,драма,6.5,Частица,2012
"Австралия
США",Ли Уоннелл,"психологический триллер
научная фантастика
фильм ужасов",7.1,Человек-невидимка,2020
США,Уильям Бодайн,"фантастика
ужасы",4.4,Человек-обезьяна,1943
СССР,Григорий Колтунов,приключенческий фильм,7.4,Чёрная чайка,1962
Чехословакия,Мирослав Губачек,детектив,6.2,Чёрная суббота,1960
Франция,Жорж Мельес,фантастика,6.8,Четыреста проделок дьявола,1906
"Италия
Германия
Швейцария",Микеланджело Фраммартино,драма,7.2,Четырежды,2010
Италия,Алессандро Блазетти,"драма
кинокомедия",7.5,Четыре шага в облаках,1942
Франция,Франсуа Трюффо,"криминальный фильм
драма",8.1,Четыреста ударов,1959
Россия,Фёдор Попов,Комедия,5.3,Четыре таксиста и собака,2004
СССР,Резо Эсадзе,"киноповесть
мелодрама",6.7,Четыре страницы одной молодой жизни,1967
Гонконг,Е Жунцзу,боевик,7.3,Чёрная таверна,1972
Франция,Ксавье Жанс,"боевик
криминальный фильм
драма
триллер",6.3,Чужак,2023
Великобритания,Джоанна Хогг,Драма,6.7,Чужая,2007
Гонконг,Тан Цзя,"боевик
драма",7.1,Чужаки в монастыре Шаолинь,1983
"США
Канада",Стюарт Хендлер,"триллер
ужасы
драма
криминал",5.7,Шёпот,2007
США,Грэгори Гирес,"фильм ужасов
триллер",3.3,Шёпот,1995
"США
Канада
Великобритания",Дуглас Джексон,триллер,4.5,Шёпот,1990
США,Энрю Маклаглен,"драма
вестерн
военный фильм",7.3,Шенандоа,1965
США,Рубен Мамулян,музыкальный фильм,6.8,Шёлковые чулки,1957
СССР,Андрей Тутышкин,музыкальная комедия,5.6,Шельменко-денщик,1971
,,,,Эти… три верные карты…,
США,Кевин Даунс,"драма
триллер",4.1,Шесть,2004
СССР,Валерий Приемыхов,драма,6.0,Штаны,1988
"Германия
Франция",Фолькер Шлёндорф,драма (жанр),6.7,Штиль,2011
СССР,"Е. Березин
Ю. Тимошенко",комедия,6.6,Штепсель женит Тарапуньку,1957
Великобритания,Рой Уорд Бейкер,Ужасы,6.1,Шрамы Дракулы,1970
США,Микаэль Саломон,научная фантастика,6.1,Штамм «Андромеда»,26 мая   2008
США,Роберт Уайз,научная фантастика,7.2,Штамм «Андромеда»,12 марта   1971  и  1971
Франция,Седрик Жименес,"Историческая
драма",6.7,Шрамы Парижа,2022
Румыния,Мирча Дрэган,,8.0,Штефан Великий – 1475 год,6 января   1975
"Великобритания
Германия
Люксембург",Кристиан Дюгей,"боевик
приключения",4.4,Экстремалы,2002
Франция,Лор Дютиёль,драма,5.1,Этим вечером,2004
США,Уильям Уайлер,драма,7.4,Эти трое,1936
США,Дэвид Уорк Гриффит,комедия,6.2,Эти ужасные шляпы,1909
СССР,"Игорь Ильинский
Юрий Сааков",комедия,7.3,"Эти разные, разные, разные лица…",1971
Италия,Джузеппе Пиччиони,"комедийный фильм
и
драматический фильм",6.1,Эти дни,сентябрь  2016
США,Чарльз Чаплин,комедия,5.4,Эти муки любви,1914
СССР,Юрий Сааков,"комедия
музыкальный фильм",6.1,"Эти невероятные музыканты, или Новые сновидения Шурика",1977
Россия,Евгений Невский,"фэнтези
драма
приключения",5.1,Этерна: Часть первая,2022
СССР,Илья Фрэз,"лирическая
комедия",7.3,«Я вас любил…»,1967
"Франция
США
Бельгия
Швейцария",Рауль Пек,документальный,7.9,Я вам не негр,2016
США,Яков Лапицкий,влог,4.7,Я в зоопарке,24 апреля   2005
Франция,Леос Каракс,драма,,Strangulation Blues,1980
Великобритания,Джон Боултинг,комедия,7.1,"Я в порядке, Джек!",1959
СССР,Виктор Моргенштерн,кинофантастика,6.0,Я был спутником Солнца,1959
Франция,Раймон Бернар,комедийный фильм,6.5,Я была авантюристкой,1938
Польша,Мечислав Кравич,комедия,6.7,Ядзя,1936
Украина,Олег Борщевский,комедия,5.4,DZIDZIO Контрабаc,2017
Аргентина,неизвестен,порно,6.2,El Sartorio,1907
Украина,Станислав Гуренко,"документальный
познавательныйроуд-муви",8.3,Dustards,2016
"Италия
Украина",Андреа Маньяни,кинокомедия,6.6,Easy,2017
США,Томас Инс,драматический фильм,5.3,Sweet Memories,1911
Индия,Говинд Нихалани,драматический фильм,7.2,Drishti,1990
США,"Грег Лански
(1—3)
Лоран Скай
(4)
Джулия Гранди",порнофильм,,Young Fantasies,2017 —  н. в.
Япония,Синобу Ягути,Комедия,7.5,Swing Girls,2004
Австрия,Томас Рот,криминальный фильм,6.4,Tatort: Die Kunst des Krieges,4 сентября   2016
США,"Грег Лански
(1—7)
Лоран Скай
(8)
Джулия Гранди
(11)",порнофильм,,Young & Beautiful,2016 —  н. в.
Великобритания,Антон Корбейн,"музыкальный
короткометражный",8.8,Strange Too,1990
Франция,"Николя Бенаму
Филипп Лашо",комедия,6.7,Superнянь,2014
США,Грег Моттола,комедия,7.6,SuperПерцы,2007
США,Тони Джильо,"научная фантастика
боевик",3.8,Doom: Аннигиляция,2019
Великобритания,Донн Алан Пеннебейкер,"документальный фильм
музыкальный фильм",7.5,Ziggy Stardust and the Spiders from Mars,1973
США,Питер ДеЛуис,"фэнтези

комедия",5.0,Zapped. Волшебное приложение,2014
Франция,Ги Жак,комедия,5.4,Ze фильм,2005
США,Дэн О'Коннелл,"порнофильм
ЛГБТ-фильми
лесбийские отношения в искусстве",,«Женщины в поисках женщин»,2002
"Исландия
Новая Зеландия
Швейцария",Крэйг Зобел,"научно-фантастический фильм
постапокалиптический фильм
антиутопический фильм
экранизация романа
и
драматический фильм",6.0,Z — значит Захария,2015
Россия,Константин Смирнов,комедия,2.7,Zомбоящик,25 января   2018
США,Рубен Флейшер,постапокалиптическаязомби-комедия,6.7,Zомбилэнд: Контрольный выстрел,2019
Россия,Антон Борматов,"комедия
мелодрама",4.0,Zолушка,2012
"США
Великобритания",Дэнни Бойл,"романтическая комедия
музыкальный фильм
фэнтези",6.8,Yesterday,2019
Россия,Кирилл Кемниц,зомби-комедиятрэш,2.2,Zомби каникулы 3D,2013
Польша,Радослав Пивоварский,мелодрама,6.9,Вчера,1985
США,"Porter Gale
Laleh Soomekh","документальный
короткометражка",7.1,XXXY,2000
"Аргентина
Испания
Франция",Лусия Пуэнсо,драма,7.0,Икс-Икс-Игрек,2007
Канада,Нил Бломкамп,Фантастика,5.7,Yellow,2006
США,Остин Чик,Мелодрама,5.9,Логика измены,2002
США,Кайл Муни,комедийный фильм,,Y2K,
Великобритания,Морган Мэтьюз,"комедийная драма
подростковый фильм
история взросления
и
драматический фильм",7.1,X+Y,2014
"США
Канада",Тай Уэст,слэшер,6.5,X,2022
Гонконг,Ёсиаки Кавадзири,"боевик
ужасы",5.6,,1992
,Джон Т. Боун,порнофильм,6.5,World’s Biggest Gang Bang,1995
США,Джером Таннер,порнофильм,7.2,Who’s Nailin’ Paylin?,2008
Япония,Вонг Карвай,Короткометражное кино,6.1,wkw/tk/1996@7′55″hk.net,1996
США,Берт Маркус,документальный,7.0,"То, что мы начали",2017
США,Дэвид Уорк Гриффит,мелодрама,5.5,What the Daisy Said,1910
США,"Роберт Бака
Джош Риззо",документальный фильм,6.2,Welcome to Macintosh,2008
Россия,Станислав Говорухин,"детективный
триллер
нуар
драма",5.9,Weekend,2013
"США
Республика Корея",Майкл Кан,криминальная драма,6.0,West 32nd,2007
США,Том ДиЧилло,Документальный,7.6,Когда ты странный,2009
СССР,Иван Василёв,"комедия
эротический фильм",4.1,Veniks. Половые щётки,1991
США,см. раздел,порнофильм,,Tushy Raw,2019 —  н. в.
США,Сторми Дэниэлс,порнофильм,6.3,Wanted,16 сентября   2015
Япония,Синъя Цукамото,"драма
триллер",6.7,Витал,2004
Гонконг,,политический триллер,4.9,Verax,2013
Республика Корея,Пак Хун Джон,триллер,6.6,V.I.P.,2017
США,Брэд Фурман,"криминал
драма
триллер",5.6,Va-банк,2013
Россия,Руслан Бальтцер,"комедия
приключения",3.9,V Центурия. В поисках зачарованных сокровищ,2010
Малайзия,Амир Мухаммад,документальный,7.1,Village People Radio Show,2007
"США
Великобритания
Германия",Джеймс Мактиг,"боевик
фантастический фильм
драма
антиутопия
супергероика",8.2,V — значит вендетта,11 декабря   2005  и  16 марта   2006
США,"Аарон Эйтс
Одри Юэлл",Документальный,7.0,Until the Light Takes Us,2009
США,Эндрю Абрахамс,документальный фильм,7.8,Under Our Skin,2008
США,Кеннет Джонсон,научная фантастика,7.8,V,1 мая   1983
США,"Даррен Доан (
Darren Doane
)",документальное кино,3.3,Непреодолимый,2013
США,Рики Гринвуд,"порнофильм
драма",,Под вуалью,2021
США,Джон Биндер,научная фантастика,6.2,UFOria,1985
Канада,Аллан Унгар,"боевик
приключения
короткометражка",8.4,Uncharted,2018
Великобритания,Джейми Адамс,триллер,,Turn Up The Sun!,
США,Тони Гиглио,"военный
триллер",6.0,U-429: Подводная тюрьма,2004
США,"Кэтрин Оуэнс
Марк Пеллингтон","концерт
рок-музыка",8.4,U2 3D,2008
"Финляндия
Швеция
Дания
Германия
США",Доме Карукоски,"драма
фильм-биография",6.8,Tom of Finland,2017
США,Мэйсон,порнофильм,7.4,Tori Black Is Pretty Filthy,2009
Швеция,Симон Клозе,Документальный,7.4,TPB AFK,2013
"Швеция
Дания",Ганс Абрамсон,"интерсекс-фильм
драматический фильм
и
экранизация литературного произведения",5.0,Tintomara,1970
Япония,Кэнтаро Хагивара,"Фэнтези
ужасы
боевик
триллер",5.7,Токийский Гуль,2017
США,Дэвид Уорк Гриффит,драматический фильм,,The Voice of the Child,1911
США,Дэвид Уорк Гриффит,драматический фильм,6.5,The Welcome Burglar,1909
США,Роар Утхауг,"приключения
боевик",6.3,Tomb Raider: Лара Крофт,2018
США,Трей Паркер,комедия,7.0,Искажённое время,1995
"Великобритания
Германия","Кен О'Нил
Роджер Уотерс",музыкальный,8.6,The Wall: Live in Berlin,1990
США,Гейл Ферраро,документальный,7.8,To Catch a Dollar,2010
США,Ванесса Пэрайз,"мелодрама
комедия",5.5,"Беверли-Хиллз, 90210: Несанкционированная история",
США,Джордж Лукас,"фантастика
антиутопия
драма
триллер",6.6,THX 1138,1971
США,Джордж Лесси,драматический фильм,,The Twelfth Juror,1913
США,Дэвид Уорк Гриффит,драматический фильм,5.5,The Telephone Girl and the Lady,1913
США,Дэвид Уорк Гриффит,драматический фильм,5.3,The Rocky Road,1910
США,Берт Кеннеди,,4.4,The Trouble with Spies,1987
США,Джеймс Сирл Доули,драматический фильм,5.0,The Old Monk's Tale,1913
США,Мартин Скорсезе,Документальный фильм,7.1,The Rolling Stones. Да будет свет,2008
Великобритания,Софи Бартез,комедия,5.6,The Pod Generation,2023
США,"Оскар Апфель
Уильям Ч. де Милль
Сесил Б. ДеМилль
Томас Н. Хеффрон",драматический фильм,,The Only Son,1914
США,Дэвид Уорк Гриффит,драматический фильм,,The Old Bookkeeper,1912
США,Френсис Боггс,драматический фильм,,The New Superintendent,1911
США,"Оскар Апфель
Сесил Б. ДеМилль",драматический фильм,,The Master Mind,1914
США,Дэвид Уорк Гриффит,комедия,5.5,The Italian Barber,1911
США,Аллан Дуон,драматический фильм,,The Restless Spirit,1913
США,Дэвид Уорк Гриффит,драматический фильм,3.2,Индусский кинжал,1909
США,Д. Росс Ледерман,"Детективный фильм
Комедия",5.5,".mw-parser-output .ts-fix-template{white-space:nowrap}.mw-parser-output .ts-fix-error{font-size:inherit}@media screen{.mw-parser-output .ts-fix-text{border:1px solid #a2a9b1;box-decoration-break:clone;margin:0 -0.1em;padding:0 0.1em;transition:background 0.1s}.mw-parser-output .ts-fix-text:hover{background:#fee7e6}}@media screen and (hover:hover){.mw-parser-output .ts-fix-comment,.mw-parser-output .ts-fix-commented>a:not(:hover){border-bottom:1px dotted;text-decoration:none}}",1946
США,Рокки Шенк,псевдодокументальный фильм,8.6,The Nona Tapes,1995
США,"Грег Лански
(1—9)
Лоран Скай
(10—11)
Лоран Скай (12)
Джулия Гранди",порнофильм,,The Art of Anal Sex,2015 —  н. в.
США,неизвестно,боевик,4.8,The Gordon Sisters Boxing,1901
США,Роберт З. Леонард,драматический фильм,5.0,The Master Key,1914
США,Дэвид Уорк Гриффит,комедия,4.5,The Englishman and the Girl,1910
США,Дэвид Уорк Гриффит,драматический фильм,4.6,The Eternal Mother,1912
США,Уилл Айзенберг,,6.5,Массово запутанная тайна средней школы,2015
Индия,Гьян Корреа,драматический фильм,6.0,The Good Road,2013
США,Уильям Диксон,документальное кино,5.8,Боксирующие коты (проф. Уэлтона),1894
Великобритания,Вилли Кристи,"короткометражный фильм
музыкальный фильм",7.8,Окончательный монтаж (Смертельная рана),1983
"Новая Зеландия
Великобритания
США",Питер Джексон,"документальный
музыкальный",9.0,The Beatles: Get Back,2021
США,Уолтер Буф,фантастика,6.6,Загадочный автомобилист,1906
США,Сэм Данн,документальный фильм,7.5,Та маленькая старая добрая группа из Техаса,2019
США,Дэвид Уорк Гриффит,боевик,5.2,The Bandit’s Waterloo,1908
США,Бри Миллс,"порнографический фильм
драма
комедия",7.1,Teenage Lesbian,2019
"Великобритания
США",Рон Ховард,"документальный
музыкальный",7.8,Битлз: Восемь дней в неделю,2016
США,Уильям Хейз,документальный фильм,4.2,The Ball Game,1898
США,Альберт и Дэвид Мэйслес,документальный фильм,8.0,the Beatles. Первый приезд в США,1994
США,Лайам Линч,"комедия
мюзикл",6.8,Медиатор судьбы,2006
США,Кэрролл Флеминг,комедия,,The Amateur Detective,1914
Великобритания,Дэнни Бойл,"драма
чёрная комедия",7.2,T2: Трейнспоттинг,2017
США,Сэм Вренч,"Документальное кино
концертный фильм",8.2,Taylor Swift: The Eras Tour,2023
Великобритания,Антон Корбейн,"музыкальный
короткометражный",8.7,Strange,1988
США,Бернард Ковальски,ужасы,5.4,SSSSSSS,1973
"Гонконг
Китай",Уилсон Ип,боевик,6.9,Ша По Лан. Звезды судьбы,2005
"Великобритания
Германия",Джейми Кинг,Документальный,6.9,Укради этот фильм,2006
"США
Канада
Австралия","Стив Биндер
Дэвид Акомба
(
в титрах не указан
)",фантастика,2.2,Звёздные войны: Праздничный спецвыпуск,17 ноября 1978
США,Майк Руис,комедия,5.2,Starrbooty,2007
США,Дэвид Уилер,"Интерактивное кино
Психологический
триллер",5.4,Смертельная нежность,1998
США,,рисованный мультфильм,,Глупые Симфонии,
Россия,Михаил Бабаханов,эротическая мистификация,,Sex-вампир в России,1996
Россия,Андрей И,Подростковая драма,5.6,S.O.S. Спасите наши души,2005
США,Джон Тёртелтауб,кинокомедия,6.6,Starперцы,2013
Англия,"Антон Корбейн
John Merizalde
Pasqual Gutierrez",театральный,7.5,Spirits in the Forest,2019
США,Аксель Браун,"порнографический фильм
комедия
экшен
порнопародия",5.9,СпайдиПул XXX: пародия Акселя Брауна,2022
США,Аксель Браун,"порнографический фильм
порнопародия
супергеройка",5.8,Человек-паук ХХХ 2: Пародия Акселя Брауна,2014
Россия,"Арман Геворгян
Евгений Невский","комедия
мелодрама
семейный",2.6,"SOS, Дед Мороз, или Всё сбудется!",2015
США,Аксель Браун,"порнографический фильм
супергеройка
порнопародия",4.6,Человек-паук ХХХ: Порно-пародия,2011
США,Ice-T,Документальный,7.1,Нечто из ничего: Искусство рэпа,2012
Аргентина,Мариано Перальта,триллер,3.4,Снафф 102,2007
Швеция,Пер Симонссон,"биографический фильм
музыкальный фильм
и
драматический фильм",,Sommartider – Filmen om Gyllene Tider,2024
США,"Джо Берлинджер
Брюс Синовски",Документальный фильм,7.5,Some Kind of Monster,21 января 2004
США,Эдвин МакКим,драматический фильм,,Should a Woman Divorce?,1914
ФРГ,"Александр Кайдановский
Сюзанна Бир
Годфри Реджио
и др.",музыкальный фильм,7.0,Songlines,1989
Россия,Григорий Добрыгин,драма,5.7,Sheena 667,2021
США,,музыкальный фильм,7.0,Slayer: The Repentless Killogy,2019
США,Грант Даффрин,,7.4,Shrek Retold,2018
США,Колин Кэмпбелл,вестерн,,Shotgun Jones,1914
США,Джеймс Франко,документальный фильм,7.1,(англ.),2010
Франция,"Клод Мюло
фр.
Claude Mulot",порнофильм,5.7,Последняя ночь,1976
Великобритания,Уолтер Буф,"драма
фэнтези",5.6,"Скрудж, или Призрак Марли",1901
Индия,Харджант Гилл,документальный,,Ушедшие Парни,2016
США,Ли Рой Майерс,порнопародия,6.9,Клиника: XXX Пародия,2009
"Франция
Камбоджа",Ритхи Пань,"документальный фильм
исторический фильм
и
военный фильм",7.2,Красных кхмеров,2003
Индия,С. С. Раджамаули,боевик,7.8,RRR: Рядом ревёт революция,2022
США,Бенни Бум,боевик,5.2,S.W.A.T.: Огненная буря,2011
Великобритания,,музыкальный фильм,7.7,Serious Moonlight,1984
США,,Журналистское расследование,7.9,Серийный,3 октября 2014 - настоящее время
США,Кларк Джонсон,"боевик
криминал
триллер",6.1,S.W.A.T.: Спецназ города ангелов,2003
Индия,Ярагудипати Варада Рао,фольклор,8.8,Sati Sulochana,1934
,Ютака Уэмура,"Боевик
фэнтези",7.5,Saga of Tanya the Evil: The Movie,2019
США,Дж. Фаррелл МакДональд,драматический фильм,,Rory o’ the Bogs,1913
США,Энтони Мэндлер,"короткометражный фильм
видеоклип",8.4,Ride,2012
Индия,Джоти Саруп,,,Rehguzar,1985
США,Ларри Чарльз,"документальный
комедия",7.6,Верующие,2008
США,Гарри Спаркс,порнофильм,7.0,Revenge of the Petites,2012
США,J. T. S. Moore,Документальный,7.3,Revolution OS,2001
Ирландия,Фил Джоану,"Блюз-рок
хартленд-рок
рутс-рок",7.6,Rattle and Hum,27 октября 1988  4 ноября 1988
Великобритания,Джерри Тройна,музыкальный фильм,7.3,Ricochet,1984 (2006 переиздание)
США,Лаура Биалис (Laura Bialis),документальный фильм,8.1,Отказник,2007
Япония,Соити Масуи,"романтическая драма
научная фантастика",8.2,Rascal Does Not Dream of a Dreaming Girl,2019
Италия,"Габриеллино Д’Аннунцио
Георг Якоби","драматический фильм
немое кино
и
экранизация романа",5.9,Quo Vadis,1924
"Румыния
Франция
Бельгия",Кристиан Мунджиу,драматический фильм,7.2,R.M.N.,2022  и  11 января   2023
Германия,Карл Риттер,"военный
пропаганда",6.4,Пур ле мерит,1938
Великобритания,David Mallet,музыкальный,9.2,P•U•L•S•E,1994
Великобритания,Уилльям Баркер,"приключенческий фильм
и
немое кино",,Princess Clementina,1911
Япония,Наоёси Сиотани,"аниме
детектив
антиутопия
киберпанк
триллер",7.4,Психопаспорт 3: Первый инспектор,27 марта 2020
Индия,Суман Мукхопадхьяй,"криминальный фильм
драма
триллер",6.2,Posham Pa,2019
США,,порнофильм,6.3,Pretty Peaches,23 ноября   1978
Россия,Gogol’s Wives,документальный фильм,6.0,Pussy против Путина,2013
Колумбия,Спирос Статулопулос,драма,6.7,PVC-1,2007
США,Дэн Трахтенберг,"Боевик
Фантастика",7.1,Portal: No Escape,23 августа 2011
США,Грехем Трэвис,порнофильм,6.7,Portrait of a Call Girl,2011
"США
Франция",Лино ДиСальво,"приключения
комедия
мультфильм",4.9,Playmobil фильм: Через вселенные,2019
"США
Мексика",Анхель Грасиа,романтическая кинокомедия,5.5,Prada и чувства,2011
"Швеция
Дания
Финляндия",Рубен Эстлунд,драма,7.1,Игра,2011
Россия,Руфат Гасанов,Документальный,,"O, Sortie!",2010
Финляндия,,комедийный фильм,6.8,Поросячьи рассказы,
США,,"драматический фильм
комедия",5.8,Peeping Tom,1897
Великобритания,Эдриан Мейбен,музыкальный фильм,8.6,Pink Floyd: Live at Pompeii,"Сентябрь, 1972"
Индия,Камал,драма,7.1,Perumazhakkalam,2004
Великобритания,Чарли Лайн,"документальный фильм
экспериментальный кинематограф
несюжетный фильм
однокадровый фильм
и
протестное искусство",9.2,Paint Drying,2016
Белоруссия,Андрей Курейчик,комедия,4.3,PARTY-zan фильм,2016
Индия,К. В. Редди,фэнтезийный фильм,8.5,Pathala Bhairavi,1951
США,Дэвид Уорк Гриффит,драматический фильм,6.6,One Touch of Nature,1909
Индия,Т. Раджендар,"музыкальный фильм
и
романтический фильм",7.9,Oru Thalai Ragam,1980
США,Ричард Лагравенезе,"драма
мелодрама",7.0,P. S. Я люблю тебя,20 декабря   2007  и  17 января   2008
США,"Грег Лански
Кайден Кросс
Лоран Скай
(11)
Джулия Гранди",порнофильм,,Natural Beauties,2016 —  н. в.
Индия,Р. Н. К. Прасад,драматический фильм,,Naguva Hoovu,1971
Франция,"Жак Риветт
Сюзанна Шиффман",драматический фильм,7.5,Out 1: не прикасайся ко мне,1971
США,Роберт М. Янг,драматический фильм,6.0,One Trick Pony,1980
США,"Грег Лански
(1—13)
Кайден Кросс
Лоран Скай
(14)",порнофильм,,My First Interracial,2014—2019
Россия,Надежда Михалкова,короткометражный фильм,5.1,"One Mango, Please",2020
"Израиль
Украина",Владимир Прудкин,"драма
триллер",5.4,NO-ONE,2018
ФРГ,Михаэль Ферхёвен,"военный фильм
и
драматический фильм",7.1,o.k.,1970
Россия,Олег Фомин,"криминальный фильм
трагикомедия",6.4,(Следующий),24—27 сентября 2001
США,Гари Хаствит,Документальный,7.0,Овеществление,2009
Великобритания,Джейк Скотт,"документальное кино
фильм-концерт",8.0,Oasis: концерт в Небуорте 1996,2021
Япония,Акио Нисидзава,"аниме
биография
драма",6.9,Нитабо: Слава создавшего цугару-дзямисэн,21 февраля 2004
Нидерланды,,немецкая телекомедия,7.2,New Kids,
Индия,"П. Бхаскаран
Раму Кариат",мелодрама,7.8,Neelakuyil,1954
США,Харольд Энтвистл,драматический фильм,,Mrs. Wiggs of the Cabbage Patch,1914
США,Дэвид Уорк Гриффит,комедия,5.2,Mr. Jones Has a Card Party,1909
Италия,Альдо Гримальди,комедийный фильм,5.0,Nel sole,1967
Индия,Вижай,фильм ужасов,8.1,Naa Ninna Bidalaare,1979
"США
Великобритания
Франция
Филиппины",Скотт Во,"боевик
триллер
драма
криминал",6.4,Need for Speed: Жажда скорости,2014
"ФРГ
Франция
Люксембург",Барбе Шрёдер,драматический фильм,6.4,More,1969
США,Дженнифер Сибел Ньюсом,документальный фильм,7.5,Мисс Репрезентация,2011
Эстония,Борис Гуц,политический триллер,5.9,MINSK,2022
США,Пол Овенс,документальное кино,7.1,Minecraft: История Mojang,2012
Дания,"Bjornstjerne Reuter Christiansen
Jakob Fenger
Rasmus Nielsen
Superflex","документальный фильм
и
экспериментальный кинематограф",6.3,Modern Times Forever,2011
"США
Япония",Джордан Вот-Робертс,"боевик
фантастика
приключенческий фильм",,Metal Gear Solid,
Швеция,,,7.5,Minecraft Multiplayer Fun,2010
США,Нимрод Антал,музыкальный фильм,7.1,Metallica: Сквозь невозможное,2013
Индия,С. В. Кумар,"боевик
научная фантастика
детектив",7.2,Maayavan,2017
Индия,Нарасимха,"боевик
драма
триллер",5.4,Mass Leader,2017
Великобритания,Грант Ги,документальный фильм,7.4,Meeting People Is Easy,1998
Нигерия,Seyi Babatope,драматический фильм,5.3,Mama Drama,1 октября   2020
Великобритания,Saul Metzstein,документальный фильм,7.4,Micro Men,2009
США,См. ниже,"короткометражка
боевик
приключения
научная фантастика",6.4,Короткометражки Marvel,2011—2014
США,Курт Кобейн,"хоррор
психоделика",,Kurt’s Bloody Suicide,1982  (или  1984 )
США,Ол Паркер,мюзикл,6.6,Mamma Mia! 2,2018
США,Дэвид Уорк Гриффит,драма,,Love Finds a Way,1909
США,"Альберт Мэйслес
Брэдли Каплан",документальный,6.5,"Любовь, которую мы даём",2011
Великобритания,Malcolm J Thomson,Музыкальный фильм,6.8,Любить тебя до вторника,1969
США,Брэдфорд Мэй,"драматический фильм
и
биографический фильм",4.7,Madonna: Innocence Lost,29 ноября   1994
Франция,Анри Эльман,"исторический фильм
и
драматический фильм",7.3,"Людовик XI, расколотая власть",6 декабря   2011
Российская империя,Владислав Старевич,немое кино,7.3,Lucanus Cervus,1910
Латвия,Аскольд Саулитис,документальный,,Keep smiling!,2003
США,"Джонасон Поли
Джесси Перротта (помощник режиссёра)",,8.5,Live Action Toy Story,2013
Япония,Хидэо Наката,"детектив
боевик",6.0,Л: Изменить мир,2008
Франция,Жиль Леллуш,"драматический фильм
романтический фильм
музыкальный фильм
и
романтическая комедия",,L’Amour ouf,2024
США,"Себастьян Джонс
Рамез Силян",документальный,7.5,Lil Peep: всё для всех,2019
Великобритания,Ян Макартур,музыкальный фильм,7.7,La Carrera Panamericana,1992
Россия,Игорь Твердохлебов,"комедия
мелодрама",5.3,Love,2021
Индия,Кришнан-Панджу,"комедия-драма
музыкальный фильм
семейный фильм",6.9,Kuzhandaiyum Deivamum,1965
Великобритания,Джефф Грант,социальная реклама,7.1,Одинокая вода,1973
США,"Грег Лански
(1—10)
Лоран Скай
(11)
Лоран Скай (12)
Джулия Гранди",порнофильм,,Interracial Icon,2014—2020
Турция,Celal Çimen,"боевик
и
детективный фильм",1.7,Kod Adı K.O.Z.,2015
"США
Великобритания",Мэттью Вон,"Боевик
шпионская фантастика
комедия",6.7,Kingsman: Золотое кольцо,2017
США,Чарли Шмидт,комедия,8.7,«Кот-пианист» («Кошка-пианистка»),"снят в 1984, выложен на YouTube в 2007"
Франция,Дэвид Кейдж,"короткометражный фильм
фантастика",8.2,Кара,2012
США,Гордон Хесслер,Комедия,4.6,Kiss встречает привидение парка,1978
Япония,,постапокалиптический фильм,6.6,Kamen Rider Kabuto: God Speed Love,2006
США,Томми Оливер,документальный фильм,7.6,Juice WRLD: В бездну,12 ноября   1986
"Индия
США","Ван Партибл
- Сайлас Хикки
Эндрю Оои
CJ See",комедия,5.9,Джонни Браво едет в Болливуд,20 ноября 2011 г. (Австралия)
Великобритания,Джульен Темпл,"комедийный фильм
музыкальный фильм
и
романтический фильм",7.3,Jazzin’ for Blue Jean,1984
"Великобритания
США",Мэттью Вон,"боевик
фантастический триллер
приключение",6.3,King's Man: Начало,2021
"Великобритания
США",Мэттью Вон,"боевик
шпионская фантастика
комедия
драма",7.7,Kingsman: Секретная служба,2015
Великобритания,Николас Стил,"порнопародия
и
порнофильм",6.6,Женщина-кошка ХХХ,2011
"Великобритания
США",Бернард Роуз,драма,6.4,Ivans xtс,2000
Индия,Ратнакар Маткари,драматический фильм,8.4,Investment,2013
"Новая Зеландия
Германия
США
ЮАР
Австралия",Грант Лахуд,"документальный
биография",7.7,Intersexion,2012
Индия,С. Дж. Сурья,"драма
триллер",6.4,Isai,2015
"Чехия
Словакия
Италия",Петр Вацлав,Исторический фильм-биография,6.4,Богемец,2022
США,Райан Перес,Кинопародия,5.2,iСтив,2013
США,,драматический фильм,,Hulda of Holland,1913
США,Стив Ховер,"комедия
семейный фильм",6.3,iCarly: Летим в Японию,2008
США,,комедия,,How Brown Saw the Baseball Game,1907
Индия,Ш. Шанкар,"боевик
триллер
мелодрама",7.4,Я,2015
США,,документальный фильм,8.0,Hotel Ground Zero,11 сентября   2009
Япония,Чжэн Шули,"научно-фантастический фильм
порнофильм
и
киберпанк",3.8,I.K.U.,2001
Япония,Дзюн Цугита,"пародия
ужасы
комедия
эротика",4.3,Адский салон,2010
США,Ли Рой Майерс,"порнофильм
ужасы",5.3,The Human Sexipede,2010
США,"Бейонсе
Эд Бурк","документальный
музыка",7.6,Homecoming,2019
США,П. Дэвид Эберсоул,документальный фильмфильм-биографиямузыкальный фильм,6.8,Hit So Hard: Школа жизни Патти Шемель,2011
США,Мак Сеннет,комедия,,His Chum the Baron,1913
"Австрия
Германия
Швейцария",Николаус Гайрхальтер,документальный фильм,7.0,Homo Sapiens,12 февраля   2016
США,Дэвид Уорк Гриффит,драматический фильм,6.6,Her Awakening,1911
Франция,Пьер Барнериас,"документальный фильм
и
пропагандистский фильм",4.3,Hold-Up,11 ноября   2020
США,Стюарт Хендлер,"боевик
фантастика
триллер",6.7,Halo 4: Идущий к рассвету,2012
Исландия,Дин Деблуа,"Документальный
музыкальный",8.4,Heima,2007
Великобритания,Стюарт Макдональд,документальный,8.3,Вырастая во Вселенной,
"Россия
Франция",М. М. Косырев-Нестеров,Музыкальная драма,6.6,Grand Cancan,2020
Япония,Масаюки Судзуки,комедия,8.4,GTO,1999
,Юя Исии,,,,
США,Давн,порнографический фильм,4.7,Великий Автоугонщик: XXX пародия,2010
